customer,state,gender,education,customer_lifetime_value,income,monthly_premium_auto,number_of_open_complaints,policy_type,vehicle_class,total_claim_amount,vehicle_clas
RB50392,Washington,F,Master,7936,0,1000,0,Personal Auto,Four-Door Car,2,Four-Door Car
QZ44356,Arizona,F,Bachelor,6979,0,94,0,Personal Auto,Four-Door Car,1131,Four-Door Car
AI49188,Nevada,F,Bachelor,12887,48767,108,0,Personal Auto,Two-Door Car,566,Two-Door Car
WW63253,California,M,Bachelor,7645,0,106,0,Corporate Auto,SUV,529,SUV
GA49547,Washington,M,High School or Below,5363,36357,68,0,Personal Auto,Four-Door Car,17,Four-Door Car
OC83172,Oregon,F,Bachelor,8256,62902,69,0,Personal Auto,Two-Door Car,159,Two-Door Car
XZ87318,Oregon,F,College,5380,55350,67,0,Corporate Auto,Four-Door Car,321,Four-Door Car
CF85061,Arizona,M,Master,7216,0,101,0,Corporate Auto,Four-Door Car,363,Four-Door Car
DY87989,Oregon,M,Bachelor,24127,14072,71,0,Corporate Auto,Four-Door Car,511,Four-Door Car
BQ94931,Oregon,F,College,7388,28812,93,0,Special Auto,Four-Door Car,425,Four-Door Car
SX51350,California,M,College,4738,0,67,0,Personal Auto,Four-Door Car,482,Four-Door Car
VQ65197,California,F,College,8197,0,110,0,Personal Auto,SUV,528,SUV
DP39365,California,F,Master,8798,77026,110,2,Corporate Auto,Four-Door Car,472,Four-Door Car
SJ95423,Arizona,F,High School or Below,8819,99845,110,1,Corporate Auto,SUV,528,SUV
IL66569,California,F,College,5384,83689,70,2,Corporate Auto,Four-Door Car,307,Four-Door Car
BW63560,Oregon,F,Bachelor,7463,24599,64,1,Corporate Auto,Four-Door Car,42,Four-Door Car
FV94802,Nevada,F,High School or Below,2566,25049,67,0,Personal Auto,Two-Door Car,454,Two-Door Car
OE15005,California,F,College,3945,28855,101,0,Personal Auto,SUV,647,SUV
WC83389,Oregon,F,College,5710,51148,72,0,Personal Auto,Four-Door Car,308,Four-Door Car
FL50705,California,F,High School or Below,8162,66140,101,0,Corporate Auto,Four-Door Car,484,Four-Door Car
ZK25313,Oregon,F,High School or Below,2872,57749,74,0,Personal Auto,Two-Door Car,355,Two-Door Car
QK46697,Washington,M,Bachelor,6177,61040,79,1,Personal Auto,Two-Door Car,20,Two-Door Car
YH23384,Arizona,F,Bachelor,24127,14072,71,0,Personal Auto,Four-Door Car,511,Four-Door Car
TZ98966,Nevada,F,Bachelor,2450,0,73,3,Corporate Auto,Four-Door Car,554,Four-Door Car
HM55802,California,F,Bachelor,2392,17870,61,0,Corporate Auto,Four-Door Car,439,Four-Door Car
FS42516,Oregon,F,College,5802,97541,72,0,Personal Auto,Four-Door Car,389,Four-Door Car
US89481,California,F,Bachelor,3946,0,111,0,Personal Auto,Four-Door Car,799,Four-Door Car
HS14476,Washington,M,College,9162,29723,80,0,Personal Auto,Four-Door Car,20,Four-Door Car
GE62437,Arizona,F,College,12902,86584,111,2,Personal Auto,Four-Door Car,532,Four-Door Car
EJ77678,Oregon,F,Master,3235,75690,80,1,Personal Auto,Four-Door Car,384,Four-Door Car
SV85652,Arizona,F,College,2454,23158,63,1,Personal Auto,Four-Door Car,322,Four-Door Car
UL64533,Nevada,F,High School or Below,18975,65999,237,0,Corporate Auto,Luxury SUV,615,Luxury
PF41800,California,F,Bachelor,4715,0,65,0,Personal Auto,Four-Door Car,308,Four-Door Car
HD95276,Washington,F,College,4737,0,130,0,Personal Auto,SUV,23,SUV
SK67821,Oregon,F,Bachelor,4932,37260,62,0,Corporate Auto,Four-Door Car,15,Four-Door Car
YV55495,Arizona,F,High School or Below,5744,68987,71,0,Personal Auto,Four-Door Car,204,Four-Door Car
KY38074,California,F,Bachelor,13891,42305,117,0,Personal Auto,Four-Door Car,561,Four-Door Car
DM79012,Oregon,F,Master,7380,65706,91,0,Personal Auto,Four-Door Car,436,Four-Door Car
CM61827,Oregon,F,Bachelor,3090,0,90,0,Personal Auto,Two-Door Car,648,Two-Door Car
WC35801,Arizona,F,High School or Below,2521,53243,66,2,Personal Auto,Four-Door Car,157,Four-Door Car
QG25316,Nevada,F,High School or Below,2652,0,70,1,Corporate Auto,Two-Door Car,484,Two-Door Car
MB98372,Oregon,F,College,2771,50071,71,0,Corporate Auto,Two-Door Car,18,Two-Door Car
IL19217,California,F,Bachelor,3939,60021,99,0,Personal Auto,Four-Door Car,882,Four-Door Car
SR38658,Arizona,F,High School or Below,12231,43244,103,0,Personal Auto,Sports Car,494,Luxury
YD87931,Washington,M,Doctor,4951,46896,35354,1,Personal Auto,Four-Door Car,31,Four-Door Car
HG65722,Oregon,F,Doctor,12819,10105,172,3,Personal Auto,SUV,0,SUV
BU27331,Arizona,F,Bachelor,4468,0,73,3,Personal Auto,Four-Door Car,579,Four-Door Car
XM45289,Oregon,F,High School or Below,5514,23218,71,0,Personal Auto,Two-Door Car,447,Two-Door Car
KP34198,California,F,Bachelor,3343,0,92,0,Corporate Auto,Four-Door Car,529,Four-Door Car
SH90947,Arizona,F,High School or Below,2294,0,62,0,Personal Auto,Four-Door Car,313,Four-Door Car
WE95729,Oregon,F,College,36707,24804,104,0,Personal Auto,SUV,593,SUV
PY51963,California,F,Bachelor,33473,33190,106,0,Corporate Auto,SUV,508,SUV
RB69909,Nevada,F,High School or Below,7983,36014,69,3,Special Auto,Four-Door Car,173,Four-Door Car
NW21079,Washington,F,Master,4879,67163,61,2,Personal Auto,Two-Door Car,33,Two-Door Car
FR46645,California,F,Bachelor,4293,16701,113,0,Personal Auto,Four-Door Car,831,Four-Door Car
SY17488,Arizona,F,College,7164,46623,91,0,Corporate Auto,Four-Door Car,436,Four-Door Car
AP67935,California,F,College,7619,64749,64,0,Special Auto,Four-Door Car,302,Four-Door Car
FS37417,Arizona,F,High School or Below,3958,0,101,0,Personal Auto,SUV,484,SUV
ML29312,Oregon,F,High School or Below,4499,16969,124,2,Personal Auto,SUV,704,SUV
UB61619,Oregon,F,Master,4059,11621,108,0,Personal Auto,Four-Door Car,518,Four-Door Car
CD86811,Arizona,F,Bachelor,4458,17622,65,1,Personal Auto,Four-Door Car,312,Four-Door Car
RU83859,California,F,Bachelor,8110,11489,105,0,Personal Auto,Two-Door Car,504,Two-Door Car
FG63582,Oregon,F,Bachelor,3339,0,94,0,Personal Auto,Two-Door Car,863,Two-Door Car
NN71951,California,F,High School or Below,24261,66525,100,0,Personal Auto,SUV,104,SUV
WB37082,Arizona,F,Bachelor,6613,0,63,0,Personal Auto,Four-Door Car,676,Four-Door Car
SM52139,Washington,F,College,2930,33663,73,0,Personal Auto,Four-Door Car,350,Four-Door Car
FL82372,Oregon,F,College,8672,22547,112,0,Corporate Auto,SUV,537,SUV
DP45816,Arizona,F,High School or Below,11638,61486,97,0,Personal Auto,Two-Door Car,465,Two-Door Car
GW33762,Oregon,F,Bachelor,6846,0,95,0,Personal Auto,Two-Door Car,456,Two-Door Car
RZ33670,California,F,College,11727,29879,102,0,Personal Auto,Four-Door Car,500,Four-Door Car
PY70169,Oregon,F,High School or Below,22643,93011,113,0,Personal Auto,SUV,281,SUV
MO91628,Oregon,F,Master,2614,65186,65,0,Personal Auto,Two-Door Car,5,Two-Door Car
HW87852,Oregon,F,Master,2451,26840,64,2,Personal Auto,Four-Door Car,307,Four-Door Car
HB20453,Oregon,F,Bachelor,6781,0,104,1,Personal Auto,Sports Car,982,Luxury
BN87372,Oregon,F,Bachelor,4974,75644,65,3,Personal Auto,Two-Door Car,467,Two-Door Car
YX23800,Oregon,F,Bachelor,8591,38984,73,0,Personal Auto,Four-Door Car,350,Four-Door Car
DZ87709,Oregon,F,High School or Below,5592,71811,71,0,Personal Auto,Four-Door Car,29,Four-Door Car
XW13033,Nevada,F,College,8009,20961,67,0,Personal Auto,Four-Door Car,321,Four-Door Car
SP81997,Washington,F,Master,7936,41275,96,0,Personal Auto,Four-Door Car,41,Four-Door Car
OM82309,California,F,Bachelor,58166,61321,186,1,Personal Auto,Luxury Car,427,"Luxury"""
ZU35962,California,F,College,8025,0,77,0,Personal Auto,Two-Door Car,25,Two-Door Car
VH85817,California,F,High School or Below,5780,51066,74,0,Personal Auto,Four-Door Car,787,Four-Door Car
DT85712,California,F,Doctor,4118,34378,102,0,Personal Auto,SUV,489,SUV
YJ88573,Nevada,F,Master,2523,43072,63,0,Personal Auto,Four-Door Car,302,Four-Door Car
SQ19467,Oregon,F,College,6554,25222,90,0,Personal Auto,Four-Door Car,475,Four-Door Car
YB66933,Washington,F,Bachelor,5382,77552,68,1,Corporate Auto,Four-Door Car,45,Four-Door Car
ET79815,California,F,College,5926,23091,96,5,Personal Auto,Four-Door Car,460,Four-Door Car
QC35222,California,F,Bachelor,2683,48269,69,3,Corporate Auto,Four-Door Car,282,Four-Door Car
CJ15590,Oregon,F,Bachelor,2695,32720,67,0,Personal Auto,Four-Door Car,321,Four-Door Car
OI48267,California,F,College,6047,20396,76,1,Personal Auto,Four-Door Car,364,Four-Door Car
JY67916,Oregon,F,College,13171,21513,119,1,Personal Auto,Two-Door Car,679,Two-Door Car
OW15518,Washington,F,College,15950,0,87,1,Personal Auto,Two-Door Car,46,Two-Door Car
CZ33664,Oregon,F,Bachelor,2527,80744,63,0,Corporate Auto,Four-Door Car,11,Four-Door Car
WK30175,Oregon,F,Bachelor,2672,52822,67,0,Corporate Auto,Two-Door Car,350,Two-Door Car
ON44465,California,F,High School or Below,5313,0,77,1,Personal Auto,Four-Door Car,863,Four-Door Car
TV87155,Oregon,F,Bachelor,20946,69738,74,1,Personal Auto,Four-Door Car,492,Four-Door Car
KH48895,Arizona,F,Master,8375,17780,109,0,Personal Auto,SUV,132,SUV
NZ30757,California,F,Bachelor,4801,18107,62,0,Personal Auto,Four-Door Car,297,Four-Door Car
RI22468,Arizona,F,Bachelor,5745,57740,74,3,Personal Auto,Four-Door Car,269,Four-Door Car
FZ30935,Oregon,F,College,6066,32627,76,0,Personal Auto,Two-Door Car,380,Two-Door Car
UG93476,California,F,College,8002,0,107,0,Personal Auto,SUV,513,SUV
AB96670,California,F,College,2393,0,70,0,Personal Auto,Four-Door Car,425,Four-Door Car
XK64261,Oregon,F,Bachelor,4762,65795,62,1,Corporate Auto,Two-Door Car,49,Two-Door Car
EV68375,California,F,College,4330,60475,107,0,Personal Auto,Four-Door Car,513,Four-Door Car
UN51653,California,F,High School or Below,9402,0,130,0,Personal Auto,SUV,936,SUV
TO96662,Oregon,F,Bachelor,6966,41837,88,0,Personal Auto,Four-Door Car,142,Four-Door Car
MR52087,California,F,Bachelor,7694,32303,65,0,Personal Auto,Four-Door Car,45,Four-Door Car
DE75225,Oregon,F,High School or Below,8717,0,117,1,Personal Auto,SUV,561,SUV
EP80820,California,F,Bachelor,5928,40531,74,0,Personal Auto,Two-Door Car,30,Two-Door Car
GU99037,Oregon,F,College,2452,79898,62,1,Corporate Auto,Four-Door Car,271,Four-Door Car
WI57118,California,F,College,6701,56398,85,0,Personal Auto,Four-Door Car,408,Four-Door Car
GP39118,Washington,M,High School or Below,4996,71600,63,0,Personal Auto,Two-Door Car,46,Two-Door Car
MQ14219,Arizona,F,College,8492,27804,109,0,Personal Auto,SUV,784,SUV
KN20603,Oregon,F,Bachelor,7713,45506,66,2,Personal Auto,Four-Door Car,316,Four-Door Car
SG20925,Washington,F,Master,5185,99428,6464,1,Personal Auto,Four-Door Car,48,Four-Door Car
JI70886,California,F,High School or Below,7290,0,102,1,Corporate Auto,SUV,489,SUV
VF72557,Oregon,F,High School or Below,4772,20993,133,0,Personal Auto,SUV,638,SUV
OX28638,Arizona,F,High School or Below,6806,37839,86,0,Personal Auto,Two-Door Car,465,Two-Door Car
SK55033,California,F,Bachelor,2469,92711,62,0,Personal Auto,Two-Door Car,368,Two-Door Car
OO88645,California,F,College,3103,74665,78,2,Corporate Auto,Four-Door Car,236,Four-Door Car
FM14335,Washington,F,College,10484,61108,89,0,Personal Auto,Four-Door Car,49,Four-Door Car
CW82151,California,F,Bachelor,8902,46833,112,0,Personal Auto,Sports Car,64,Luxury
DY22043,Oregon,F,High School or Below,5499,88768,68,0,Personal Auto,Two-Door Car,326,Two-Door Car
SH36774,California,F,High School or Below,15023,28262,192,0,Personal Auto,Luxury SUV,921,Luxury
EM43724,Nevada,F,Bachelor,2509,33555,63,0,Personal Auto,Four-Door Car,101,Four-Door Car
FH85960,Oregon,F,College,31221,42780,113,1,Personal Auto,Four-Door Car,542,Four-Door Car
XA55993,Oregon,F,Master,3133,58850,78,0,Personal Auto,Four-Door Car,143,Four-Door Car
GO36627,Arizona,F,College,3837,21880,97,0,Special Auto,Four-Door Car,424,Four-Door Car
QH48047,Oregon,F,College,11790,25251,66,0,Personal Auto,Four-Door Car,316,Four-Door Car
HS28694,Washington,F,High School or Below,2829,25317,71,0,Personal Auto,Two-Door Car,50,Two-Door Car
UH65059,Arizona,F,High School or Below,4305,24188,109,0,Personal Auto,Sports Car,523,Luxury
FV21968,Nevada,F,Bachelor,5973,41611,74,0,Special Auto,Four-Door Car,113,Four-Door Car
QA87025,Oregon,F,Bachelor,5670,28406,72,1,Personal Auto,Four-Door Car,192,Four-Door Car
TQ13499,Arizona,F,College,4731,69833,118,0,Personal Auto,Four-Door Car,828,Four-Door Car
BU44523,Arizona,F,High School or Below,8026,0,74,0,Corporate Auto,Four-Door Car,532,Four-Door Car
MS41162,Arizona,F,High School or Below,4022,0,117,0,Personal Auto,SUV,975,SUV
PU25891,Oregon,F,High School or Below,9618,80536,119,0,Special Auto,Sports Car,53,Luxury
LH92841,Washington,F,Bachelor,7255,88891,89,0,Personal Auto,Four-Door Car,50,Four-Door Car
SX26335,Oregon,F,College,9552,97732,79,0,Personal Auto,Four-Door Car,289,Four-Door Car
AZ95587,Arizona,F,Bachelor,10388,61222,89,0,Special Auto,Four-Door Car,392,Four-Door Car
DS81757,Oregon,M,College,2470,0,74,0,Personal Auto,Two-Door Car,721,Two-Door Car
OJ94107,Arizona,M,Master,5619,50335,140,0,Personal Auto,SUV,456,SUV
LP84436,California,F,High School or Below,9047,0,127,0,Personal Auto,Sports Car,1087,Luxury
FF22360,Washington,F,Doctor,2687,82210,68,4,Personal Auto,Four-Door Car,51,Four-Door Car
LM19287,Oregon,F,High School or Below,3731,0,96,0,Personal Auto,Four-Door Car,460,Four-Door Car
ZU18643,Nevada,M,Bachelor,3660,64495,92,0,Corporate Auto,Four-Door Car,251,Four-Door Car
AZ82578,California,F,College,7928,0,72,0,Corporate Auto,Four-Door Car,345,Four-Door Car
XC67861,Arizona,F,Bachelor,5011,28859,67,3,Corporate Auto,Two-Door Car,321,Two-Door Car
YC43143,Arizona,F,High School or Below,7988,77330,99,0,Personal Auto,Four-Door Car,99,Four-Door Car
EK59571,Oregon,M,College,3885,0,105,0,Corporate Auto,Four-Door Car,504,Four-Door Car
PA38372,Washington,F,High School or Below,9357,33060,117,0,Personal Auto,Four-Door Car,56,Four-Door Car
RO18530,Washington,M,Master,2540,42557,65,0,Personal Auto,Four-Door Car,57,Four-Door Car
PD27940,Arizona,M,High School or Below,4885,26372,126,0,Personal Auto,SUV,604,SUV
BS77946,Arizona,F,Bachelor,9753,17514,127,0,Personal Auto,SUV,8,SUV
YM50253,California,F,Bachelor,2946,89270,74,0,Personal Auto,Four-Door Car,316,Four-Door Car
NR15332,California,M,High School or Below,2581,29757,65,0,Personal Auto,Four-Door Car,312,Four-Door Car
RC62865,Oregon,M,College,3517,51814,92,0,Personal Auto,Four-Door Car,56,Four-Door Car
CC15295,Oregon,F,Bachelor,9743,24028,82,0,Personal Auto,Four-Door Car,393,Four-Door Car
KA61892,Arizona,M,College,3873,28142,105,0,Personal Auto,Sports Car,701,Luxury
OS94884,Arizona,F,Bachelor,7649,52705,64,1,Personal Auto,Two-Door Car,128,Two-Door Car
ND87334,California,M,High School or Below,2287,0,63,0,Corporate Auto,Two-Door Car,679,Two-Door Car
OY51402,Washington,F,High School or Below,8255,54040,103,0,Personal Auto,SUV,59,SUV
YL74911,California,F,College,8714,0,118,0,Personal Auto,SUV,566,SUV
GK92563,Washington,F,Doctor,6819,22492,85,0,Personal Auto,Two-Door Car,61,Two-Door Car
HL53154,California,M,Bachelor,7416,0,77,2,Personal Auto,Four-Door Car,554,Four-Door Car
RI78966,Oregon,M,Master,7771,21876,68,0,Personal Auto,Four-Door Car,465,Four-Door Car
IC13702,California,F,Bachelor,6968,0,69,1,Personal Auto,Four-Door Car,496,Four-Door Car
BE10809,California,F,High School or Below,4250,0,61,1,Personal Auto,Four-Door Car,292,Four-Door Car
HT87217,Oregon,F,High School or Below,19776,70699,82,0,Personal Auto,Four-Door Car,256,Four-Door Car
TH95618,California,F,High School or Below,21343,0,74,1,Personal Auto,Four-Door Car,355,Four-Door Car
TS19868,California,M,College,2413,27501,63,0,Personal Auto,Four-Door Car,542,Four-Door Car
LP45550,Oregon,F,Doctor,15363,15897,101,0,Personal Auto,Four-Door Car,303,Four-Door Car
QR87004,Nevada,F,College,8456,25141,73,1,Personal Auto,Four-Door Car,25,Four-Door Car
OE75747,Nevada,F,College,2189,0,61,3,Personal Auto,Four-Door Car,292,Four-Door Car
DX91392,California,M,High School or Below,5780,51066,74,0,Personal Auto,Four-Door Car,787,Four-Door Car
AB72731,California,F,Bachelor,4639,28358,117,0,Personal Auto,Sports Car,84,Luxury
GX84338,Washington,F,Doctor,3824,62530,95,0,Personal Auto,Four-Door Car,61,Four-Door Car
IS12901,Arizona,F,Bachelor,5968,90972,74,0,Personal Auto,Two-Door Car,232,Two-Door Car
BN90616,Washington,F,Bachelor,8590,63110,72,0,Personal Auto,Four-Door Car,68,Four-Door Car
HH90090,California,F,Bachelor,4076,29549,104,0,Personal Auto,Sports Car,710,Luxury
IU25463,California,F,Bachelor,12252,0,115,1,Personal Auto,Four-Door Car,552,Four-Door Car
KC11055,Nevada,F,Bachelor,16936,39411,217,2,Personal Auto,Luxury Car,1122,"Luxury"""
PD33979,Oregon,M,High School or Below,4892,21709,62,0,Personal Auto,Four-Door Car,408,Four-Door Car
NK71023,Nevada,M,Bachelor,9942,67890,85,0,Personal Auto,Four-Door Car,408,Four-Door Car
AB13432,California,M,Bachelor,3735,0,110,0,Personal Auto,SUV,792,SUV
OZ97704,California,F,High School or Below,13117,84311,111,4,Personal Auto,SUV,532,SUV
UF46533,California,F,College,4574,99316,114,0,Corporate Auto,SUV,754,SUV
XP47431,Arizona,F,Bachelor,5470,54507,138,0,Personal Auto,SUV,702,SUV
GK73582,California,F,Bachelor,2978,64586,76,0,Personal Auto,Four-Door Car,206,Four-Door Car
RV98763,Oregon,M,College,6410,61709,82,2,Personal Auto,Four-Door Car,275,Four-Door Car
II62831,California,M,Master,4479,94656,111,1,Special Auto,SUV,459,SUV
XK33449,California,F,High School or Below,2383,0,69,0,Special Auto,Two-Door Car,496,Two-Door Car
TR85083,California,M,Bachelor,2764,61085,70,1,Personal Auto,Two-Door Car,336,Two-Door Car
EO95328,Oregon,F,Bachelor,7920,89284,67,3,Personal Auto,Two-Door Car,321,Two-Door Car
EN21086,Arizona,F,High School or Below,6889,0,63,0,Personal Auto,Four-Door Car,302,Four-Door Car
YL83902,Washington,F,Bachelor,3274,31686,81,0,Personal Auto,Four-Door Car,430,Four-Door Car
AZ62651,Oregon,M,High School or Below,9951,56855,255,0,Corporate Auto,Luxury SUV,1836,Luxury
ZW25874,Oregon,M,Bachelor,2521,53703,67,2,Special Auto,Four-Door Car,67,Four-Door Car
EH41854,Washington,F,High School or Below,23706,0,96,1,Personal Auto,Two-Door Car,844,Two-Door Car
MW70227,California,M,College,6047,20396,76,1,Personal Auto,Four-Door Car,364,Four-Door Car
SL22297,California,F,Master,11140,27679,150,0,Personal Auto,SUV,722,SUV
RV14138,Nevada,F,Bachelor,4334,23904,123,3,Personal Auto,SUV,590,SUV
UO62808,Arizona,F,High School or Below,2799,65351,69,0,Corporate Auto,Four-Door Car,481,Four-Door Car
ZX64745,California,M,College,7923,0,113,0,Personal Auto,SUV,1124,SUV
FL34139,California,M,High School or Below,3688,0,63,3,Personal Auto,Four-Door Car,669,Four-Door Car
TS11219,California,M,College,12067,0,116,0,Personal Auto,SUV,1284,SUV
XX12304,California,F,College,2924,64459,72,0,Personal Auto,Four-Door Car,240,Four-Door Car
SD64087,California,M,College,15014,32961,190,0,Corporate Auto,SUV,912,SUV
OY38576,Oregon,F,High School or Below,9277,71416,116,0,Corporate Auto,SUV,556,SUV
BG76355,Washington,F,Bachelor,6274,68964,78,0,Personal Auto,Four-Door Car,115,Four-Door Car
IP66913,California,M,High School or Below,3886,78108,98,0,Personal Auto,Two-Door Car,470,Two-Door Car
LE95702,California,M,College,4386,10621,67,0,Special Auto,Four-Door Car,321,Four-Door Car
KX54357,Washington,M,College,11365,84910,95,0,Corporate Auto,Two-Door Car,383,Two-Door Car
EZ78112,California,F,High School or Below,5610,77493,70,0,Special Auto,Four-Door Car,307,Four-Door Car
XN16891,Arizona,M,College,2912,81097,74,0,Personal Auto,Four-Door Car,355,Four-Door Car
XK31350,Oregon,F,College,6915,96610,85,0,Corporate Auto,Four-Door Car,520,Four-Door Car
CC30924,Oregon,M,College,6262,30110,159,0,Corporate Auto,Sports Car,466,Luxury
IT78748,Oregon,F,High School or Below,6503,22081,84,0,Special Auto,Two-Door Car,451,Two-Door Car
KY33386,Washington,F,High School or Below,8007,0,112,0,Personal Auto,Sports Car,537,Luxury
CO44221,California,M,College,2929,98473,72,0,Personal Auto,Four-Door Car,345,Four-Door Car
LK60013,Oregon,F,Bachelor,5969,97431,74,0,Personal Auto,Four-Door Car,355,Four-Door Car
DE21533,California,M,Bachelor,5473,93870,69,0,Personal Auto,Four-Door Car,331,Four-Door Car
YS94121,Nevada,M,High School or Below,5645,50366,72,0,Personal Auto,Four-Door Car,428,Four-Door Car
UK68427,Washington,M,High School or Below,6369,34498,83,0,Personal Auto,Two-Door Car,398,Two-Door Car
TE49565,Oregon,F,College,11833,16552,103,0,Personal Auto,SUV,494,SUV
RA88421,Oregon,F,College,6121,26787,77,0,Personal Auto,Four-Door Car,369,Four-Door Car
KQ51983,Nevada,M,College,5159,0,74,0,Personal Auto,Two-Door Car,831,Two-Door Car
CD88896,Nevada,F,High School or Below,2514,43860,65,0,Corporate Auto,Four-Door Car,156,Four-Door Car
YV22553,Arizona,M,High School or Below,8668,21474,114,2,Corporate Auto,SUV,373,SUV
WU14435,California,M,Bachelor,4960,18174,66,0,Corporate Auto,Four-Door Car,395,Four-Door Car
XV84099,Arizona,F,Bachelor,5504,0,73,0,Corporate Auto,Four-Door Car,350,Four-Door Car
RI24911,Arizona,M,College,7507,60920,64,0,Personal Auto,Two-Door Car,231,Two-Door Car
KO26461,Arizona,M,High School or Below,32269,41520,90,0,Personal Auto,Four-Door Car,289,Four-Door Car
HI14283,Oregon,F,Bachelor,5657,0,152,0,Personal Auto,SUV,729,SUV
PT50227,Arizona,M,High School or Below,5061,0,68,0,Personal Auto,Two-Door Car,326,Two-Door Car
BH36570,California,M,Bachelor,5912,72208,73,0,Personal Auto,Two-Door Car,350,Two-Door Car
TX17484,California,F,Bachelor,15182,53863,63,0,Personal Auto,Four-Door Car,105,Four-Door Car
CT41158,Washington,M,College,10747,66446,136,0,Corporate Auto,SUV,639,SUV
AO87348,Washington,M,College,2050,0,61,0,Personal Auto,Four-Door Car,292,Four-Door Car
DE55857,Washington,F,Bachelor,2465,64997,63,1,Personal Auto,Four-Door Car,383,Four-Door Car
LF66923,Nevada,F,High School or Below,5343,64460,66,0,Corporate Auto,Two-Door Car,316,Two-Door Car
CN24514,Arizona,F,College,8119,46618,67,0,Personal Auto,Four-Door Car,99,Four-Door Car
UW32074,Oregon,F,College,4605,0,64,0,Corporate Auto,Four-Door Car,307,Four-Door Car
HP36979,California,M,College,6408,49988,84,5,Personal Auto,Two-Door Car,566,Two-Door Car
PP40919,California,F,College,2376,0,91,5,Personal Auto,Two-Door Car,436,Two-Door Car
RO73268,California,M,Bachelor,3211,16269,86,0,Corporate Auto,Two-Door Car,412,Two-Door Car
HO61691,Arizona,F,Bachelor,5094,72006,64,0,Personal Auto,Four-Door Car,307,Four-Door Car
BS13062,Arizona,F,High School or Below,25755,0,81,2,Personal Auto,Four-Door Car,388,Four-Door Car
FO35655,Oregon,M,Bachelor,8672,0,245,0,Corporate Auto,Luxury SUV,2345,Luxury
HR10526,California,M,Master,8044,44320,67,0,Personal Auto,Four-Door Car,321,Four-Door Car
IA63417,Arizona,F,High School or Below,4001,19782,108,0,Personal Auto,Two-Door Car,773,Two-Door Car
BH35016,Nevada,F,Bachelor,16706,63933,70,0,Personal Auto,Two-Door Car,424,Two-Door Car
PK52952,Arizona,M,Doctor,8544,28224,109,0,Personal Auto,SUV,523,SUV
OD76309,Washington,F,College,7805,21073,106,1,Personal Auto,SUV,508,SUV
IL28481,Oregon,M,Bachelor,6112,63243,77,0,Personal Auto,Four-Door Car,364,Four-Door Car
GY55092,Nevada,M,High School or Below,4772,20993,133,0,Personal Auto,SUV,638,SUV
UF33451,Oregon,F,Bachelor,10979,94827,135,0,Personal Auto,SUV,354,SUV
CF15558,California,F,Master,5004,39161,63,1,Personal Auto,Two-Door Car,283,Two-Door Car
JM62924,Washington,M,Bachelor,13223,37534,84,2,Personal Auto,Four-Door Car,403,Four-Door Car
EM66435,Oregon,F,Bachelor,2623,80210,65,0,Corporate Auto,Four-Door Car,20,Four-Door Car
QX45933,California,M,Bachelor,17840,0,62,0,Personal Auto,Four-Door Car,385,Four-Door Car
JI71369,California,F,College,5106,30110,64,0,Personal Auto,Four-Door Car,140,Four-Door Car
JU93290,Arizona,F,College,17930,21708,68,0,Personal Auto,Four-Door Car,326,Four-Door Car
GU66096,Arizona,M,High School or Below,5457,94731,67,0,Personal Auto,Four-Door Car,321,Four-Door Car
UC33108,California,M,Bachelor,6563,32375,83,0,Personal Auto,Four-Door Car,398,Four-Door Car
LW93867,Oregon,M,College,4812,16531,63,0,Corporate Auto,Four-Door Car,102,Four-Door Car
OU78470,Arizona,F,Master,29328,32006,94,0,Corporate Auto,Four-Door Car,56,Four-Door Car
XW90265,Arizona,F,Bachelor,5773,81676,72,0,Personal Auto,Two-Door Car,463,Two-Door Car
HS67749,California,M,College,6847,71038,86,0,Corporate Auto,Four-Door Car,205,Four-Door Car
VZ51506,Arizona,F,High School or Below,3595,0,103,0,Corporate Auto,Sports Car,741,Luxury
UI64281,Nevada,F,Master,22855,20832,65,0,Personal Auto,Two-Door Car,56,Two-Door Car
AE98193,Washington,M,High School or Below,7859,0,113,0,Personal Auto,SUV,813,SUV
AZ74055,Oregon,M,High School or Below,4115,52405,103,0,Personal Auto,Four-Door Car,494,Four-Door Car
XS76911,Arizona,F,High School or Below,5029,0,133,0,Personal Auto,Sports Car,795,Luxury
AY40674,Washington,F,Bachelor,4821,26583,1005,4,Personal Auto,SUV,614,SUV
NA12740,Oregon,M,Master,5004,25486,65,0,Special Auto,Two-Door Car,72,Two-Door Car
UA84837,Arizona,M,College,8630,24065,111,0,Corporate Auto,Four-Door Car,532,Four-Door Car
DJ51510,Arizona,F,High School or Below,9322,70435,116,0,Personal Auto,Four-Door Car,67,Four-Door Car
VM58985,California,M,College,16727,0,76,2,Personal Auto,Two-Door Car,402,Two-Door Car
OH60605,Oregon,F,High School or Below,3652,39679,92,0,Personal Auto,Two-Door Car,641,Two-Door Car
UO98052,Nevada,M,College,6158,0,89,0,Personal Auto,Four-Door Car,342,Four-Door Car
NC53424,California,M,Bachelor,4376,0,69,4,Personal Auto,Two-Door Car,331,Two-Door Car
LQ13873,Nevada,M,High School or Below,5569,53565,71,1,Personal Auto,Four-Door Car,340,Four-Door Car
LA97014,Washington,M,Bachelor,2576,37574,66,1,Personal Auto,Two-Door Car,412,Two-Door Car
NB79936,Washington,M,Bachelor,8346,48259,108,0,Personal Auto,Two-Door Car,73,Two-Door Car
NT89061,Arizona,F,High School or Below,6323,78532,78,0,Personal Auto,Four-Door Car,374,Four-Door Car
AF10970,Arizona,F,Bachelor,5973,96163,73,0,Corporate Auto,Four-Door Car,350,Four-Door Car
ZG48513,California,M,Bachelor,4706,0,72,0,Personal Auto,Four-Door Car,345,Four-Door Car
JQ59145,California,M,High School or Below,8093,0,114,1,Personal Auto,Sports Car,722,Luxury
FE84989,Washington,M,College,5035,72672,63,0,Personal Auto,Four-Door Car,259,Four-Door Car
JT52858,Oregon,F,Bachelor,9027,99002,112,1,Personal Auto,Four-Door Car,537,Four-Door Car
MC62068,California,M,High School or Below,7288,79494,91,0,Personal Auto,Four-Door Car,396,Four-Door Car
EU27538,Oregon,M,Master,18042,35704,225,0,Personal Auto,Luxury Car,358,"Luxury"""
RH42306,Arizona,F,Bachelor,4992,0,71,0,Corporate Auto,Four-Door Car,653,Four-Door Car
US23612,Oregon,F,High School or Below,9102,26049,118,0,Personal Auto,Two-Door Car,121,Two-Door Car
WV76014,Arizona,M,Doctor,2540,70125,64,0,Special Auto,Four-Door Car,92,Four-Door Car
RK96223,California,M,College,12941,52369,110,1,Personal Auto,SUV,528,SUV
MF82000,Washington,F,Bachelor,2365,0,66,2,Special Auto,Four-Door Car,159,Four-Door Car
FM46980,Arizona,M,College,5720,41770,72,0,Personal Auto,Four-Door Car,476,Four-Door Car
SY56792,Oregon,M,High School or Below,7035,0,101,0,Corporate Auto,Four-Door Car,727,Four-Door Car
RF61565,California,M,College,2636,31911,67,0,Personal Auto,Four-Door Car,321,Four-Door Car
IM94808,Nevada,M,Bachelor,5395,70051,68,0,Corporate Auto,Four-Door Car,42,Four-Door Car
VI14730,Oregon,M,High School or Below,8382,19683,117,1,Personal Auto,Sports Car,561,Luxury
YR34119,Washington,F,College,31161,30916,112,0,Personal Auto,SUV,200,SUV
RR77985,Oregon,F,Bachelor,2887,0,80,0,Personal Auto,Four-Door Car,676,Four-Door Car
QD28391,Washington,M,College,7425,84302,62,0,Personal Auto,Four-Door Car,76,Four-Door Car
WV17090,California,M,Bachelor,25585,0,116,0,Corporate Auto,SUV,830,SUV
TM23514,Oregon,M,College,10272,60145,132,0,Personal Auto,SUV,580,SUV
MQ68407,Oregon,F,Bachelor,4376,63774,111,0,Personal Auto,Four-Door Car,60,Four-Door Car
GJ59592,California,F,Bachelor,5318,25134,67,0,Corporate Auto,Four-Door Car,321,Four-Door Car
FY56083,Oregon,M,Bachelor,4719,37057,61,1,Personal Auto,Four-Door Car,47,Four-Door Car
UA94723,Oregon,F,High School or Below,4428,58577,110,0,Personal Auto,SUV,303,SUV
FW91032,California,M,High School or Below,5879,85857,73,0,Corporate Auto,Four-Door Car,100,Four-Door Car
DE34457,Oregon,F,Doctor,9416,70602,116,0,Personal Auto,SUV,481,SUV
HD32044,Oregon,F,Master,8288,33816,106,2,Corporate Auto,Four-Door Car,508,Four-Door Car
HH30454,Oregon,M,Bachelor,32654,0,153,0,Personal Auto,SUV,1101,SUV
AH84063,Oregon,F,College,4719,89642,121,4,Corporate Auto,SUV,86,SUV
QA17596,California,F,Bachelor,3903,60068,98,0,Personal Auto,Two-Door Car,470,Two-Door Car
XI41052,California,F,Bachelor,5457,50044,139,0,Personal Auto,SUV,667,SUV
DI30528,California,F,Master,2725,36650,69,1,Personal Auto,Four-Door Car,56,Four-Door Car
SC66359,Arizona,F,College,4433,50653,110,0,Corporate Auto,SUV,262,SUV
EN61670,Arizona,F,Doctor,5332,68931,66,0,Personal Auto,Four-Door Car,309,Four-Door Car
DQ10761,Oregon,M,Bachelor,2315,0,73,1,Corporate Auto,Four-Door Car,350,Four-Door Car
BQ51587,California,F,College,5411,0,73,0,Personal Auto,Four-Door Car,365,Four-Door Car
JE21522,California,M,Bachelor,9587,39266,80,0,Personal Auto,Four-Door Car,384,Four-Door Car
WS47147,California,M,College,22103,0,102,0,Personal Auto,SUV,489,SUV
ZA64638,Nevada,F,High School or Below,9764,0,98,1,Personal Auto,Four-Door Car,705,Four-Door Car
EW38459,Nevada,F,Bachelor,2567,40864,65,0,Corporate Auto,Four-Door Car,9,Four-Door Car
QW87316,Oregon,F,College,2650,39035,68,0,Personal Auto,Four-Door Car,244,Four-Door Car
IC43478,California,M,Bachelor,11264,34923,98,0,Personal Auto,Two-Door Car,639,Two-Door Car
TE34064,California,M,High School or Below,2168,0,63,0,Personal Auto,Four-Door Car,453,Four-Door Car
WU60905,California,F,High School or Below,8610,0,111,0,Corporate Auto,SUV,532,SUV
YM18992,California,F,College,2834,24506,71,0,Personal Auto,Two-Door Car,511,Two-Door Car
PD55753,Oregon,M,High School or Below,8930,0,82,0,Personal Auto,Four-Door Car,554,Four-Door Car
KU56006,Arizona,F,College,5536,52220,70,1,Personal Auto,Four-Door Car,336,Four-Door Car
MJ69973,Arizona,M,High School or Below,2840,0,74,0,Personal Auto,Two-Door Car,402,Two-Door Car
TW43626,California,M,College,8082,53554,67,0,Personal Auto,Four-Door Car,327,Four-Door Car
XX84133,California,M,Bachelor,5254,34476,67,1,Corporate Auto,Four-Door Car,5,Four-Door Car
ZW84453,Arizona,F,Bachelor,5116,0,70,0,Personal Auto,Four-Door Car,131,Four-Door Car
HO29524,California,M,College,3034,68205,76,0,Personal Auto,Two-Door Car,99,Two-Door Car
VE89726,California,F,High School or Below,8024,0,119,1,Personal Auto,SUV,856,SUV
GE87503,California,M,High School or Below,18211,53690,154,0,Personal Auto,SUV,739,SUV
PX90263,Oregon,M,High School or Below,5121,0,72,0,Personal Auto,Four-Door Car,518,Four-Door Car
NI17718,California,F,High School or Below,2150,0,61,0,Personal Auto,Four-Door Car,292,Four-Door Car
FY32213,California,F,High School or Below,5595,74454,71,0,Personal Auto,Four-Door Car,340,Four-Door Car
RZ13254,Nevada,F,Bachelor,7562,0,73,0,Personal Auto,Four-Door Car,350,Four-Door Car
GN45013,Oregon,M,High School or Below,5385,29664,71,0,Personal Auto,Four-Door Car,340,Four-Door Car
NM39588,Washington,F,Doctor,2678,72450,66,0,Corporate Auto,Four-Door Car,84,Four-Door Car
KU84464,Nevada,F,Bachelor,9422,47272,79,3,Personal Auto,Four-Door Car,64,Four-Door Car
YH43527,Oregon,F,College,3605,21585,92,0,Corporate Auto,Four-Door Car,441,Four-Door Car
RO30676,California,F,College,7762,23827,106,2,Personal Auto,Four-Door Car,37,Four-Door Car
QL59704,Arizona,F,College,23444,69906,74,2,Corporate Auto,Four-Door Car,202,Four-Door Car
QH19450,California,F,High School or Below,2558,0,72,0,Corporate Auto,Four-Door Car,345,Four-Door Car
SA54664,Washington,M,Master,2654,73196,66,1,Personal Auto,Four-Door Car,85,Four-Door Car
CI38330,Washington,M,Bachelor,2549,72217,6464,0,Personal Auto,Four-Door Car,91,Four-Door Car
WB38524,California,M,High School or Below,2969,46131,74,0,Personal Auto,Two-Door Car,355,Two-Door Car
CE56187,Oregon,F,Master,4363,54514,109,3,Personal Auto,SUV,286,SUV
JL19416,California,F,High School or Below,5884,0,161,0,Personal Auto,SUV,1159,SUV
JZ61422,Nevada,F,College,5272,96668,66,0,Personal Auto,Four-Door Car,316,Four-Door Car
LA13377,California,M,Doctor,5509,78879,69,1,Personal Auto,Four-Door Car,466,Four-Door Car
NC99948,Nevada,M,College,16313,0,69,0,Personal Auto,Four-Door Car,331,Four-Door Car
QD34785,Arizona,F,Bachelor,5678,0,76,0,Personal Auto,Four-Door Car,364,Four-Door Car
RO26085,California,F,Bachelor,12101,0,112,0,Personal Auto,Sports Car,1252,Luxury
ES57969,Oregon,M,Bachelor,2453,29735,69,0,Personal Auto,Four-Door Car,331,Four-Door Car
JK55587,California,M,High School or Below,5075,23082,65,0,Special Auto,Four-Door Car,312,Four-Door Car
RN97635,Arizona,M,Bachelor,3214,53984,80,0,Corporate Auto,Four-Door Car,421,Four-Door Car
BI76326,California,F,College,12275,52135,156,0,Personal Auto,SUV,430,SUV
JA34909,California,F,College,2722,17576,71,0,Corporate Auto,Four-Door Car,398,Four-Door Car
OJ90342,Oregon,F,Bachelor,2457,29486,62,0,Personal Auto,Four-Door Car,7,Four-Door Car
CM88932,Oregon,F,Master,3554,58557,88,0,Corporate Auto,Four-Door Car,55,Four-Door Car
JJ97525,California,M,Bachelor,4929,25632,63,0,Personal Auto,Two-Door Car,351,Two-Door Car
XV21647,California,F,High School or Below,8036,0,112,0,Personal Auto,Sports Car,806,Luxury
MC83487,Arizona,M,Bachelor,4276,18768,68,3,Corporate Auto,Four-Door Car,647,Four-Door Car
BL90769,California,F,Bachelor,33473,33190,106,0,Personal Auto,SUV,508,SUV
CR57148,Oregon,F,Master,5960,47945,74,0,Personal Auto,Two-Door Car,128,Two-Door Car
CP85232,Arizona,M,College,44795,58778,126,0,Special Auto,SUV,302,SUV
YL74732,California,F,High School or Below,3832,15192,100,0,Personal Auto,SUV,480,SUV
FG16766,California,F,Bachelor,6837,51859,171,0,Personal Auto,SUV,1003,SUV
NV55438,Nevada,F,High School or Below,5285,23422,72,0,Personal Auto,Two-Door Car,518,Two-Door Car
RM10880,California,F,College,3096,21604,79,0,Corporate Auto,Four-Door Car,379,Four-Door Car
GL56175,Arizona,M,College,3589,79298,90,0,Personal Auto,Four-Door Car,244,Four-Door Car
UK52289,Arizona,F,Bachelor,2582,76731,64,0,Special Auto,Four-Door Car,201,Four-Door Car
OT85112,Washington,M,College,3403,38460,88,1,Personal Auto,Four-Door Car,91,Four-Door Car
BC62782,Arizona,F,College,13575,48534,115,1,Personal Auto,SUV,552,SUV
TI19722,Washington,M,Doctor,3436,30817,88,0,Corporate Auto,Four-Door Car,91,Four-Door Car
JP30654,Oregon,F,College,28685,48412,104,0,Personal Auto,SUV,707,SUV
UM45563,Washington,M,Bachelor,4502,68798,114,0,Personal Auto,SUV,92,SUV
EN60878,Oregon,M,Bachelor,6183,23712,85,0,Personal Auto,Four-Door Car,376,Four-Door Car
JF36291,California,M,College,3873,28142,105,0,Personal Auto,Sports Car,701,Luxury
BK59444,California,F,Master,18929,72196,68,0,Personal Auto,Four-Door Car,152,Four-Door Car
MK70700,California,M,Master,5553,68197,69,0,Personal Auto,Four-Door Car,176,Four-Door Car
IW71076,California,M,Bachelor,5011,75248,63,0,Corporate Auto,Four-Door Car,104,Four-Door Car
AP98768,California,F,College,10442,0,98,0,Personal Auto,Four-Door Car,941,Four-Door Car
OM24164,Nevada,M,Bachelor,2199,0,65,1,Personal Auto,Two-Door Car,468,Two-Door Car
HR85211,Washington,F,Master,5123,89879,63,0,Personal Auto,Two-Door Car,94,Two-Door Car
VC87846,Oregon,M,High School or Below,7484,46998,96,0,Corporate Auto,Four-Door Car,460,Four-Door Car
ZM92052,Oregon,M,Bachelor,2613,57099,67,0,Personal Auto,Two-Door Car,67,Two-Door Car
ON73702,Arizona,F,Bachelor,9080,33897,114,0,Corporate Auto,SUV,539,SUV
QQ90441,Nevada,F,High School or Below,13770,59207,116,0,Personal Auto,Four-Door Car,556,Four-Door Car
HU35721,Oregon,M,High School or Below,2876,40171,73,0,Personal Auto,Four-Door Car,350,Four-Door Car
YP47665,Washington,M,Doctor,5408,80192,67,0,Personal Auto,Four-Door Car,95,Four-Door Car
FU99476,Washington,M,High School or Below,6770,74422,85,1,Personal Auto,Four-Door Car,95,Four-Door Car
AG85615,Oregon,M,College,24143,0,87,0,Special Auto,Four-Door Car,626,Four-Door Car
OY74069,Arizona,F,College,3538,0,67,5,Personal Auto,Four-Door Car,321,Four-Door Car
DJ91267,Nevada,F,Bachelor,29091,34226,244,0,Personal Auto,Luxury SUV,494,Luxury
KB72438,California,F,High School or Below,19834,65989,123,1,Personal Auto,SUV,115,SUV
TR67616,Oregon,M,High School or Below,4731,30686,61,0,Corporate Auto,Four-Door Car,19,Four-Door Car
GF65731,California,F,Master,35537,0,113,0,Personal Auto,Sports Car,799,Luxury
HB67642,Arizona,F,High School or Below,34611,20090,109,0,Personal Auto,Sports Car,523,Luxury
DP84567,California,M,High School or Below,20216,0,183,0,Personal Auto,Luxury SUV,878,Luxury
VV77534,Oregon,M,College,13976,77094,176,0,Personal Auto,SUV,444,SUV
GL67540,California,F,College,5904,97413,73,0,Personal Auto,Four-Door Car,268,Four-Door Car
SV50502,Oregon,F,Master,5595,79189,69,0,Corporate Auto,Four-Door Car,331,Four-Door Car
UK59698,California,F,High School or Below,2294,0,62,0,Personal Auto,Two-Door Car,297,Two-Door Car
OA57352,Arizona,F,College,6273,18577,86,0,Personal Auto,Four-Door Car,412,Four-Door Car
ZF84449,Oregon,F,College,3726,0,112,1,Special Auto,Sports Car,806,Luxury
AX86150,Washington,M,High School or Below,2656,62777,67,0,Personal Auto,Two-Door Car,101,Two-Door Car
HG39060,Oregon,M,Bachelor,5110,0,74,0,Corporate Auto,Four-Door Car,532,Four-Door Car
EM29359,Nevada,M,College,7126,17483,183,0,Personal Auto,Luxury Car,1317,"Luxury"""
SF57173,Oregon,M,Master,4601,84394,114,0,Personal Auto,SUV,691,SUV
OT47603,Oregon,M,College,9155,0,127,0,Personal Auto,Sports Car,804,Luxury
SW31412,Oregon,F,College,14808,41440,62,1,Personal Auto,Four-Door Car,297,Four-Door Car
JS36322,Arizona,M,High School or Below,8901,0,136,1,Personal Auto,Sports Car,1090,Luxury
RE81445,Oregon,F,College,5734,98132,71,0,Personal Auto,Two-Door Car,50,Two-Door Car
RM24280,Oregon,F,High School or Below,4177,0,112,0,Personal Auto,Four-Door Car,537,Four-Door Car
LC25393,California,M,Bachelor,27776,88220,230,0,Personal Auto,Luxury Car,151,"Luxury"""
UX38930,Arizona,F,Master,10364,58327,129,0,Personal Auto,SUV,347,SUV
HD95496,Oregon,M,Master,7851,25950,66,0,Personal Auto,Two-Door Car,271,Two-Door Car
RX24650,Oregon,M,High School or Below,4772,20993,133,0,Corporate Auto,SUV,638,SUV
DW19309,Oregon,M,High School or Below,14226,65726,177,0,Corporate Auto,SUV,849,SUV
MT41386,Washington,M,Bachelor,2875,84768,72,0,Personal Auto,Two-Door Car,110,Two-Door Car
WZ40465,Washington,F,Bachelor,5041,36234,63,0,Personal Auto,Four-Door Car,113,Four-Door Car
DB42794,California,M,College,4362,58842,110,0,Personal Auto,Four-Door Car,528,Four-Door Car
JB50798,Oregon,F,Master,9624,25629,124,2,Corporate Auto,Sports Car,595,Luxury
IP69763,Washington,F,College,21914,77311,181,0,Personal Auto,SUV,113,SUV
TE35785,California,M,Doctor,6948,0,196,2,Personal Auto,Luxury SUV,1337,Luxury
HX74855,Washington,M,High School or Below,2471,95697,61,0,Personal Auto,Two-Door Car,114,Two-Door Car
QN65180,Oregon,F,Bachelor,21903,22254,79,0,Personal Auto,Four-Door Car,125,Four-Door Car
GE47180,Nevada,M,High School or Below,9028,65974,113,0,Personal Auto,Sports Car,235,Luxury
VQ38776,Oregon,F,College,5303,0,76,0,Personal Auto,Four-Door Car,395,Four-Door Car
BH86846,Washington,M,High School or Below,20708,92079,65,1,Corporate Auto,Four-Door Car,114,Four-Door Car
IN17648,Nevada,M,High School or Below,5123,0,74,0,Personal Auto,Two-Door Car,772,Two-Door Car
DF95759,Oregon,M,College,9492,0,132,0,Personal Auto,SUV,633,SUV
QG45324,Oregon,F,High School or Below,8204,0,73,0,Personal Auto,Four-Door Car,350,Four-Door Car
MN61620,Arizona,F,College,9877,67752,131,4,Personal Auto,Sports Car,168,Luxury
YH86390,California,F,Bachelor,4815,25398,64,0,Corporate Auto,Four-Door Car,307,Four-Door Car
FY13480,California,M,High School or Below,6277,0,88,0,Personal Auto,Four-Door Car,633,Four-Door Car
YH61661,California,M,High School or Below,8260,33321,105,0,Special Auto,SUV,504,SUV
NL93182,Nevada,M,Bachelor,2549,0,78,0,Corporate Auto,Four-Door Car,845,Four-Door Car
LN31673,Washington,F,College,11318,38923,99,2,Personal Auto,Four-Door Car,115,Four-Door Car
WE68644,Oregon,F,Bachelor,3803,20325,100,0,Personal Auto,Sports Car,668,Luxury
EZ30498,Oregon,M,Bachelor,8635,13129,117,0,Personal Auto,SUV,700,SUV
QY74517,Oregon,F,High School or Below,5510,0,73,0,Personal Auto,Four-Door Car,525,Four-Door Car
NM88660,Nevada,M,Master,3585,49080,91,0,Corporate Auto,Four-Door Car,25,Four-Door Car
MZ82036,Nevada,M,College,4889,42536,63,0,Personal Auto,Four-Door Car,375,Four-Door Car
ID20929,Oregon,M,Bachelor,2756,29926,74,0,Corporate Auto,Four-Door Car,418,Four-Door Car
EY50028,Nevada,M,Doctor,3289,0,86,0,Corporate Auto,Two-Door Car,398,Two-Door Car
TT82373,California,F,Bachelor,10937,21450,138,0,Personal Auto,Sports Car,938,Luxury
OH64088,California,M,High School or Below,7375,33345,65,0,Corporate Auto,Four-Door Car,338,Four-Door Car
SK97780,California,F,Bachelor,10110,15752,90,0,Corporate Auto,Two-Door Car,339,Two-Door Car
IO33050,Oregon,F,High School or Below,5119,40169,65,1,Personal Auto,Four-Door Car,302,Four-Door Car
XA55917,California,F,College,8533,26049,113,1,Personal Auto,SUV,619,SUV
JK32620,Nevada,M,College,2224,0,68,0,Personal Auto,Four-Door Car,326,Four-Door Car
RQ19236,Arizona,M,Doctor,8042,55411,100,0,Personal Auto,Sports Car,259,Luxury
QC47433,Oregon,M,College,2554,12459,70,0,Personal Auto,Four-Door Car,336,Four-Door Car
RA93608,Oregon,M,Bachelor,18073,64620,76,1,Personal Auto,Two-Door Car,364,Two-Door Car
XH97711,California,M,Bachelor,2430,83140,61,0,Corporate Auto,Four-Door Car,179,Four-Door Car
AU96286,Oregon,F,Bachelor,3167,0,92,0,Corporate Auto,Four-Door Car,662,Four-Door Car
KC17170,Arizona,F,Bachelor,5465,54422,68,0,Corporate Auto,Four-Door Car,75,Four-Door Car
ZN47335,California,M,College,10357,68309,131,0,Corporate Auto,SUV,306,SUV
EI46264,California,M,High School or Below,2537,56621,65,2,Personal Auto,Four-Door Car,84,Four-Door Car
EK87864,Arizona,F,College,2821,38977,70,0,Special Auto,Four-Door Car,139,Four-Door Car
GV45403,Arizona,M,Bachelor,7757,0,111,0,Corporate Auto,Two-Door Car,607,Two-Door Car
QK31192,Arizona,M,High School or Below,4079,0,114,0,Corporate Auto,Two-Door Car,631,Two-Door Car
LU89008,Arizona,F,College,5955,0,83,0,Personal Auto,Four-Door Car,628,Four-Door Car
NS10490,Oregon,F,Bachelor,14158,83235,70,0,Personal Auto,Two-Door Car,336,Two-Door Car
KL98495,Nevada,M,College,8487,0,74,0,Personal Auto,Two-Door Car,426,Two-Door Car
IU96845,Arizona,M,College,6285,32390,80,0,Personal Auto,Four-Door Car,91,Four-Door Car
QL93655,Oregon,F,High School or Below,11473,66538,95,0,Personal Auto,Two-Door Car,317,Two-Door Car
PF40592,Washington,F,College,4942,23285,65,0,Personal Auto,Two-Door Car,118,Two-Door Car
LZ34046,Oregon,M,Bachelor,23594,76358,66,0,Personal Auto,Four-Door Car,86,Four-Door Car
JC80093,Washington,M,Master,2572,21104,66,0,Personal Auto,Four-Door Car,118,Four-Door Car
YE88490,Arizona,F,College,5380,55350,67,0,Personal Auto,Four-Door Car,321,Four-Door Car
YC80498,California,F,College,4770,12964,65,0,Personal Auto,Two-Door Car,362,Two-Door Car
AI85843,Arizona,F,Master,6756,33288,86,2,Personal Auto,Four-Door Car,221,Four-Door Car
XD66024,Arizona,F,College,5936,0,84,0,Personal Auto,Four-Door Car,980,Four-Door Car
FY51713,Arizona,F,Bachelor,3570,56168,88,0,Personal Auto,Four-Door Car,614,Four-Door Car
PH26378,California,M,College,6019,0,92,0,Personal Auto,Four-Door Car,662,Four-Door Car
WQ18638,Oregon,M,High School or Below,5426,23105,69,0,Personal Auto,Two-Door Car,331,Two-Door Car
KY14688,Oregon,F,Master,2730,36218,68,0,Personal Auto,Four-Door Car,145,Four-Door Car
TC97762,California,F,High School or Below,4982,52275,62,0,Corporate Auto,Four-Door Car,374,Four-Door Car
QC87108,Oregon,F,College,8769,49665,74,0,Personal Auto,Four-Door Car,355,Four-Door Car
CX12134,Nevada,M,High School or Below,4220,32471,110,0,Personal Auto,Two-Door Car,528,Two-Door Car
SM73248,Arizona,M,High School or Below,11537,0,86,1,Corporate Auto,Two-Door Car,619,Two-Door Car
CK19789,California,F,Master,5887,62773,73,0,Personal Auto,Four-Door Car,80,Four-Door Car
UV12583,California,F,College,4700,76694,117,0,Personal Auto,SUV,561,SUV
JC11405,Oregon,M,High School or Below,10963,55687,276,0,Personal Auto,Luxury SUV,1324,Luxury
KA89683,Arizona,F,High School or Below,2523,0,70,0,Personal Auto,Four-Door Car,504,Four-Door Car
BG85305,Nevada,M,Doctor,3757,36633,96,1,Personal Auto,Four-Door Car,460,Four-Door Car
UQ87917,Oregon,M,High School or Below,12941,77060,106,0,Personal Auto,SUV,468,SUV
XN11823,Nevada,F,Bachelor,3764,92600,94,0,Corporate Auto,Two-Door Car,842,Two-Door Car
OS46571,California,M,High School or Below,6889,0,66,0,Personal Auto,Four-Door Car,475,Four-Door Car
PX17116,Nevada,M,College,3623,0,111,2,Corporate Auto,SUV,1171,SUV
RP19541,Arizona,M,College,7582,64801,64,0,Personal Auto,Four-Door Car,268,Four-Door Car
ZR25747,Oregon,F,College,8277,45257,103,0,Corporate Auto,Two-Door Car,494,Two-Door Car
NQ86532,California,M,High School or Below,2576,26854,66,0,Personal Auto,Four-Door Car,475,Four-Door Car
JY27336,Oregon,F,College,8205,85840,102,2,Corporate Auto,SUV,138,SUV
PB54378,Oregon,F,Doctor,19582,26463,72,0,Corporate Auto,Four-Door Car,345,Four-Door Car
SV38190,Nevada,F,Bachelor,6481,30689,81,0,Personal Auto,Four-Door Car,467,Four-Door Car
CV24005,Oregon,M,High School or Below,2599,29590,66,0,Corporate Auto,Two-Door Car,467,Two-Door Car
EX28656,Oregon,F,College,9830,25965,253,0,Personal Auto,Luxury SUV,1214,Luxury
CF57022,Oregon,M,Bachelor,10442,17269,139,0,Personal Auto,SUV,667,SUV
GM16780,Oregon,M,College,36057,90330,137,3,Corporate Auto,Sports Car,192,Luxury
BX94438,California,F,High School or Below,8470,0,113,0,Corporate Auto,SUV,619,SUV
RM41745,California,F,High School or Below,8278,0,110,0,Personal Auto,Four-Door Car,1002,Four-Door Car
XR70252,California,F,High School or Below,4788,0,67,1,Personal Auto,Two-Door Car,321,Two-Door Car
YH92099,Arizona,F,Bachelor,3087,18558,80,0,Special Auto,Four-Door Car,384,Four-Door Car
SG81493,Arizona,M,Bachelor,4443,46384,113,0,Corporate Auto,Four-Door Car,251,Four-Door Car
ZX23819,Oregon,F,High School or Below,7984,0,72,0,Personal Auto,Two-Door Car,866,Two-Door Car
FJ54907,Oregon,F,College,7180,42303,180,0,Personal Auto,Luxury SUV,1210,Luxury
CU26127,California,F,Bachelor,15656,71731,130,0,Corporate Auto,SUV,599,SUV
YH60476,Oregon,M,High School or Below,5780,51066,74,0,Corporate Auto,Four-Door Car,787,Four-Door Car
ZZ97035,California,M,College,20714,0,203,0,Corporate Auto,Luxury Car,2027,"Luxury"""
GE82737,Nevada,F,Bachelor,5337,0,86,3,Personal Auto,Four-Door Car,619,Four-Door Car
KY21873,Arizona,M,College,5050,0,69,0,Personal Auto,Two-Door Car,72,Two-Door Car
UA51318,Arizona,F,High School or Below,5116,26173,68,1,Corporate Auto,Four-Door Car,449,Four-Door Car
BV55014,Oregon,M,Bachelor,7268,24445,63,0,Personal Auto,Two-Door Car,302,Two-Door Car
HX21307,Oregon,M,College,2616,72302,66,0,Personal Auto,Two-Door Car,316,Two-Door Car
LQ68252,Oregon,M,High School or Below,3738,27208,102,0,Personal Auto,SUV,489,SUV
CR92802,California,F,Master,2725,36650,69,1,Special Auto,Four-Door Car,56,Four-Door Car
SL35268,Arizona,M,College,5453,30855,68,0,Corporate Auto,Four-Door Car,259,Four-Door Car
RD62882,Arizona,F,Bachelor,6846,0,95,0,Personal Auto,Two-Door Car,456,Two-Door Car
JS42382,Oregon,M,Master,6172,99960,76,0,Corporate Auto,Four-Door Car,364,Four-Door Car
BT30554,Arizona,F,Bachelor,10346,0,98,0,Personal Auto,Four-Door Car,470,Four-Door Car
VP57424,Nevada,F,Bachelor,6997,55873,88,0,Personal Auto,Four-Door Car,299,Four-Door Car
VU19243,Arizona,F,High School or Below,4196,18052,111,0,Personal Auto,Four-Door Car,699,Four-Door Car
TA82973,Oregon,F,High School or Below,7858,28937,104,2,Personal Auto,SUV,117,SUV
GK71720,Oregon,F,High School or Below,6064,0,86,0,Personal Auto,Four-Door Car,545,Four-Door Car
OQ61223,California,M,College,17497,0,73,0,Personal Auto,Two-Door Car,350,Two-Door Car
LL62746,Oregon,M,Doctor,8970,12829,118,0,Personal Auto,SUV,328,SUV
JQ56711,Oregon,F,Master,5923,92163,73,0,Personal Auto,Two-Door Car,66,Two-Door Car
AW77988,Oregon,M,High School or Below,35850,17588,192,0,Personal Auto,Luxury Car,1382,"Luxury"""
QP84605,Washington,F,Bachelor,8709,41546,111,0,Corporate Auto,Four-Door Car,121,Four-Door Car
MY97912,Arizona,M,College,13309,0,127,0,Personal Auto,SUV,609,SUV
IB87349,California,M,High School or Below,4528,70340,113,0,Special Auto,Four-Door Car,542,Four-Door Car
AW73065,Oregon,F,High School or Below,2791,0,74,0,Personal Auto,Four-Door Car,532,Four-Door Car
BW80872,Washington,M,High School or Below,4434,34549,111,0,Personal Auto,Four-Door Car,125,Four-Door Car
PX70175,Arizona,M,College,7996,93459,99,0,Personal Auto,Four-Door Car,655,Four-Door Car
KF75098,Arizona,M,Bachelor,5129,86148,65,2,Personal Auto,Four-Door Car,312,Four-Door Car
IS50283,California,F,Bachelor,5697,27048,72,0,Corporate Auto,Four-Door Car,345,Four-Door Car
MY64920,Oregon,F,College,9217,73259,115,0,Personal Auto,SUV,673,SUV
KN34250,Oregon,F,College,10208,35482,129,0,Corporate Auto,SUV,619,SUV
GN46207,Oregon,F,Master,4170,29462,107,1,Personal Auto,SUV,513,SUV
KL57176,Oregon,F,College,4505,67801,115,1,Personal Auto,SUV,23,SUV
MN94234,California,M,High School or Below,3107,0,94,4,Personal Auto,Two-Door Car,451,Two-Door Car
JY90595,Arizona,M,High School or Below,5528,16042,73,0,Personal Auto,Two-Door Car,350,Two-Door Car
HK26543,California,M,High School or Below,5045,28056,64,1,Personal Auto,Four-Door Car,307,Four-Door Car
PN86062,California,M,High School or Below,2962,16495,85,3,Corporate Auto,Four-Door Car,408,Four-Door Car
VW27730,California,F,Master,8665,41163,108,0,Corporate Auto,SUV,231,SUV
SH55671,Arizona,F,College,11413,0,161,1,Personal Auto,Sports Car,772,Luxury
MO56878,California,M,Bachelor,15488,33799,109,3,Corporate Auto,SUV,664,SUV
VO38365,Washington,F,College,8861,90125,110,0,Corporate Auto,SUV,128,SUV
SV35618,Oregon,F,Bachelor,5934,87747,147,1,Personal Auto,SUV,46,SUV
RX12347,Nevada,M,College,3543,35695,90,0,Personal Auto,Four-Door Car,432,Four-Door Car
FR55658,California,M,Master,3490,90985,87,0,Personal Auto,Four-Door Car,78,Four-Door Car
XS12556,California,F,College,3683,0,101,0,Corporate Auto,Sports Car,564,Luxury
ZU73588,California,M,College,5989,66839,154,0,Personal Auto,Sports Car,739,Luxury
WT43034,California,F,High School or Below,12500,0,165,0,Personal Auto,SUV,792,SUV
VM13430,Oregon,F,Bachelor,8609,79090,107,0,Corporate Auto,SUV,289,SUV
TC78849,Oregon,M,Bachelor,2497,24825,64,0,Personal Auto,Two-Door Car,155,Two-Door Car
VC34764,California,M,College,7019,26806,63,0,Personal Auto,Four-Door Car,302,Four-Door Car
WO90953,Oregon,F,College,5387,56835,67,0,Personal Auto,Two-Door Car,326,Two-Door Car
IU47468,Oregon,F,Bachelor,6165,0,88,0,Special Auto,Two-Door Car,653,Two-Door Car
KO46064,California,M,Bachelor,2730,46135,69,0,Personal Auto,Four-Door Car,103,Four-Door Car
RB34917,Arizona,F,Bachelor,5162,0,73,0,Personal Auto,Four-Door Car,809,Four-Door Car
BI38192,Oregon,F,High School or Below,7937,22862,67,0,Personal Auto,Two-Door Car,321,Two-Door Car
PU18983,Oregon,F,High School or Below,8608,21450,110,2,Personal Auto,Sports Car,528,Luxury
SW79912,Oregon,M,Bachelor,2632,95854,65,0,Personal Auto,Two-Door Car,312,Two-Door Car
ES39217,Oregon,F,Bachelor,7785,44897,99,1,Personal Auto,Four-Door Car,580,Four-Door Car
KP72427,Washington,M,High School or Below,21639,64455,108,0,Personal Auto,SUV,133,SUV
UA19178,Oregon,F,Master,4980,53265,62,0,Personal Auto,Four-Door Car,238,Four-Door Car
PR53785,Arizona,F,High School or Below,7457,0,198,1,Personal Auto,Luxury Car,1577,"Luxury"""
XF57481,Washington,M,Master,10640,50450,90,0,Personal Auto,Two-Door Car,135,Two-Door Car
CN90378,California,F,High School or Below,6862,54780,88,3,Personal Auto,Four-Door Car,135,Four-Door Car
KI56154,Nevada,M,High School or Below,9048,0,119,0,Personal Auto,Sports Car,571,Luxury
UI55951,California,M,Bachelor,5548,67798,69,0,Personal Auto,Four-Door Car,331,Four-Door Car
FF28650,Oregon,M,Bachelor,8312,21442,118,0,Personal Auto,SUV,566,SUV
FS55302,California,M,Bachelor,2389,27615,62,1,Personal Auto,Four-Door Car,297,Four-Door Car
TN79487,California,M,Bachelor,4458,17622,65,1,Personal Auto,Four-Door Car,312,Four-Door Car
HG32616,Nevada,M,High School or Below,5295,50200,135,0,Personal Auto,Sports Car,637,Luxury
UK41984,Arizona,F,Doctor,3839,0,112,2,Personal Auto,SUV,537,SUV
LZ52266,California,F,High School or Below,3731,0,96,0,Personal Auto,Four-Door Car,460,Four-Door Car
PM27367,California,F,Master,2778,73570,70,1,Special Auto,Two-Door Car,75,Two-Door Car
ZK21724,Oregon,F,High School or Below,4016,0,111,0,Personal Auto,SUV,799,SUV
BH35482,Washington,M,Doctor,4930,70412,61,0,Corporate Auto,Two-Door Car,136,Two-Door Car
QE22757,Nevada,M,Doctor,2491,36631,62,0,Personal Auto,Four-Door Car,67,Four-Door Car
ON77649,Oregon,F,College,2908,35895,73,0,Personal Auto,Four-Door Car,312,Four-Door Car
RN82884,Arizona,F,College,4282,40864,109,1,Personal Auto,SUV,166,SUV
CQ75652,Oregon,M,College,8341,0,118,0,Personal Auto,Four-Door Car,566,Four-Door Car
FF58467,Arizona,F,Master,5090,93018,63,0,Personal Auto,Four-Door Car,135,Four-Door Car
BS83666,Oregon,M,Bachelor,7366,70014,62,0,Corporate Auto,Four-Door Car,17,Four-Door Car
WO29605,Oregon,F,College,2436,48875,61,0,Personal Auto,Two-Door Car,1,Two-Door Car
TL77607,California,M,Bachelor,8852,67969,74,0,Personal Auto,Four-Door Car,197,Four-Door Car
EZ50606,Oregon,F,High School or Below,23875,0,108,0,Corporate Auto,SUV,612,SUV
OS39723,Oregon,F,Doctor,5600,68665,69,0,Personal Auto,Two-Door Car,331,Two-Door Car
FN69743,California,M,College,4636,26802,66,1,Corporate Auto,Two-Door Car,316,Two-Door Car
XW96958,Nevada,M,High School or Below,7573,0,110,0,Corporate Auto,Four-Door Car,1193,Four-Door Car
TU92578,California,M,College,14696,45345,125,0,Personal Auto,SUV,600,SUV
TL43709,Washington,M,Bachelor,8972,89689,74,0,Personal Auto,Four-Door Car,136,Four-Door Car
YE68736,California,F,Bachelor,7724,32051,193,1,Personal Auto,SUV,926,SUV
OB96537,Oregon,M,Master,5946,81139,74,0,Special Auto,Four-Door Car,392,Four-Door Car
EU68825,Oregon,F,Master,8000,63834,100,1,Personal Auto,Sports Car,215,Luxury
CC31456,Arizona,M,Bachelor,6457,37548,81,0,Special Auto,Four-Door Car,160,Four-Door Car
DJ77787,Arizona,F,High School or Below,7281,0,69,3,Personal Auto,Four-Door Car,371,Four-Door Car
LN26837,California,M,High School or Below,2592,72421,65,0,Personal Auto,Four-Door Car,312,Four-Door Car
YI92916,Nevada,M,Master,4678,83102,116,0,Corporate Auto,Four-Door Car,443,Four-Door Car
NW54906,Oregon,M,College,13869,28432,118,0,Personal Auto,SUV,612,SUV
ME77513,Nevada,F,Master,8717,83707,108,0,Corporate Auto,Four-Door Car,290,Four-Door Car
UK76891,California,F,College,5233,63259,65,0,Corporate Auto,Four-Door Car,316,Four-Door Car
SI26888,Nevada,F,High School or Below,4764,0,67,0,Personal Auto,Four-Door Car,405,Four-Door Car
YD74948,Oregon,F,College,2472,63860,62,0,Personal Auto,Four-Door Car,208,Four-Door Car
HB64268,Washington,M,Bachelor,2813,43836,73,0,Personal Auto,Four-Door Car,138,Four-Door Car
BW52697,California,F,College,5505,86132,68,0,Personal Auto,Two-Door Car,301,Two-Door Car
NL41409,Oregon,F,Bachelor,2606,28519,66,0,Personal Auto,Two-Door Car,456,Two-Door Car
OD69005,Arizona,F,High School or Below,10481,39102,88,0,Personal Auto,Four-Door Car,152,Four-Door Car
ZZ91716,California,F,Bachelor,3256,0,89,0,Personal Auto,Four-Door Car,491,Four-Door Car
UK70255,California,F,College,30475,97298,128,0,Personal Auto,Sports Car,48,Luxury
QT25383,Nevada,M,High School or Below,6364,41986,84,2,Personal Auto,Two-Door Car,430,Two-Door Car
AW18068,Arizona,M,High School or Below,9468,0,88,0,Personal Auto,Two-Door Car,633,Two-Door Car
NS45347,Oregon,F,College,5631,17291,73,0,Personal Auto,Four-Door Car,350,Four-Door Car
FV19421,California,M,Bachelor,7780,0,74,0,Personal Auto,Four-Door Car,246,Four-Door Car
XW89091,California,M,College,9816,37256,62,0,Personal Auto,Four-Door Car,128,Four-Door Car
YC11951,Oregon,M,High School or Below,7519,96306,95,1,Corporate Auto,Four-Door Car,185,Four-Door Car
UY18770,California,F,Bachelor,10179,14290,271,0,Personal Auto,Luxury SUV,1300,Luxury
RA49085,California,F,College,2772,37038,71,1,Corporate Auto,Four-Door Car,9,Four-Door Car
BG84194,Oregon,M,College,4037,90760,103,2,Special Auto,SUV,133,SUV
PT64580,Washington,M,Master,4191,77048,103,0,Personal Auto,SUV,141,SUV
MR67738,Oregon,F,High School or Below,2676,54480,67,0,Personal Auto,Four-Door Car,321,Four-Door Car
DM95829,California,M,College,2523,16244,68,0,Personal Auto,Two-Door Car,623,Two-Door Car
DB75522,California,F,College,6988,22436,89,0,Special Auto,Four-Door Car,427,Four-Door Car
LM34525,Washington,F,College,8742,71592,72,0,Personal Auto,Four-Door Car,141,Four-Door Car
WW30771,Arizona,M,Master,2673,28728,67,0,Personal Auto,Four-Door Car,321,Four-Door Car
QP65569,Arizona,M,High School or Below,12157,57449,103,0,Personal Auto,Four-Door Car,494,Four-Door Car
TN50051,California,F,Doctor,2957,83318,73,0,Personal Auto,Two-Door Car,211,Two-Door Car
UO86707,Washington,M,Bachelor,7173,75217,61,1,Personal Auto,Four-Door Car,147,Four-Door Car
JA41698,Nevada,M,Bachelor,3099,0,102,5,Corporate Auto,SUV,862,SUV
NX18774,Oregon,M,Bachelor,8415,55308,107,0,Corporate Auto,SUV,513,SUV
DA69469,Oregon,F,College,26843,36068,97,0,Personal Auto,Two-Door Car,113,Two-Door Car
CN23147,Oregon,M,Bachelor,13057,48804,112,1,Corporate Auto,Four-Door Car,537,Four-Door Car
RA68844,Oregon,M,College,9599,0,131,0,Personal Auto,SUV,943,SUV
GH42026,Oregon,M,Bachelor,8535,55790,111,0,Personal Auto,SUV,117,SUV
BD16530,Arizona,F,Bachelor,8293,70258,69,0,Personal Auto,Four-Door Car,225,Four-Door Car
JH91579,Oregon,F,Bachelor,6846,0,95,0,Personal Auto,Two-Door Car,456,Two-Door Car
WK23685,Oregon,F,Bachelor,6636,47274,83,1,Corporate Auto,Four-Door Car,182,Four-Door Car
GR62267,Washington,F,College,5609,44705,71,0,Personal Auto,Two-Door Car,148,Two-Door Car
PI78084,Arizona,M,High School or Below,5077,0,73,0,Personal Auto,Two-Door Car,525,Two-Door Car
GF97874,Washington,F,Master,5275,70446,65,0,Personal Auto,Four-Door Car,155,Four-Door Car
ZH19885,Washington,F,High School or Below,2514,43860,65,0,Personal Auto,Four-Door Car,156,Four-Door Car
UK25655,Oregon,F,Bachelor,3435,64348,86,0,Personal Auto,Two-Door Car,212,Two-Door Car
QR45101,Oregon,M,Bachelor,6624,0,62,0,Corporate Auto,Two-Door Car,297,Two-Door Car
EL93539,California,M,Master,5757,88997,72,0,Special Auto,Four-Door Car,174,Four-Door Car
EE99484,Washington,F,High School or Below,2514,43860,65,0,Corporate Auto,Four-Door Car,156,Four-Door Car
DP46882,California,F,High School or Below,2886,10312,78,0,Corporate Auto,Four-Door Car,486,Four-Door Car
WP41146,California,F,High School or Below,5341,0,72,1,Personal Auto,Four-Door Car,345,Four-Door Car
TK60799,Arizona,F,High School or Below,4160,96263,103,0,Personal Auto,SUV,1,SUV
DN29808,California,F,College,2846,28919,72,0,Corporate Auto,Four-Door Car,518,Four-Door Car
SS59521,Oregon,F,College,4770,0,68,1,Personal Auto,Two-Door Car,326,Two-Door Car
NG66579,Oregon,M,Bachelor,5059,41869,64,0,Personal Auto,Two-Door Car,262,Two-Door Car
TC14209,Arizona,F,High School or Below,9095,0,128,0,Personal Auto,SUV,921,SUV
ED50963,California,F,High School or Below,2688,32808,68,1,Personal Auto,Four-Door Car,541,Four-Door Car
GP40701,California,F,Bachelor,8277,79780,68,0,Personal Auto,Four-Door Car,326,Four-Door Car
CP98451,Oregon,F,College,9057,91025,112,0,Personal Auto,SUV,327,SUV
NX52648,California,F,High School or Below,3801,33043,95,0,Personal Auto,Two-Door Car,456,Two-Door Car
ZC32510,Arizona,M,High School or Below,9339,69442,118,3,Personal Auto,Four-Door Car,1265,Four-Door Car
NG27780,Oregon,M,College,2520,0,70,0,Corporate Auto,Four-Door Car,63,Four-Door Car
HN95240,Arizona,F,College,4984,0,70,0,Corporate Auto,Four-Door Car,336,Four-Door Car
EB59129,Oregon,F,Bachelor,2595,47234,65,0,Personal Auto,Four-Door Car,15,Four-Door Car
RA70851,Oregon,M,High School or Below,7437,86863,92,0,Personal Auto,Four-Door Car,441,Four-Door Car
PM19162,Oregon,M,Bachelor,14536,25805,66,2,Personal Auto,Four-Door Car,375,Four-Door Car
MS59005,Nevada,M,Bachelor,5913,43676,76,0,Personal Auto,Four-Door Car,364,Four-Door Car
SU71163,Arizona,M,College,2771,59855,74,4,Personal Auto,Two-Door Car,355,Two-Door Car
BD35676,Arizona,M,Master,29194,35296,126,0,Personal Auto,SUV,452,SUV
NI44621,Oregon,F,Master,9880,36576,125,1,Personal Auto,SUV,113,SUV
EW33419,California,F,High School or Below,15114,28513,100,1,Corporate Auto,SUV,480,SUV
HX44948,Oregon,M,Bachelor,5759,85448,72,0,Special Auto,Four-Door Car,16,Four-Door Car
DL36983,Oregon,F,High School or Below,8495,23791,110,3,Personal Auto,Two-Door Car,615,Two-Door Car
XR87264,California,F,Bachelor,4381,20597,112,0,Personal Auto,Four-Door Car,615,Four-Door Car
NN99001,Arizona,F,College,6997,56940,87,0,Personal Auto,Four-Door Car,512,Four-Door Car
XV95530,Oregon,M,Bachelor,11430,93210,71,0,Personal Auto,Two-Door Car,74,Two-Door Car
OL97871,Oregon,F,Bachelor,7482,48992,94,1,Personal Auto,Four-Door Car,426,Four-Door Car
HQ23708,Arizona,F,Master,8596,53736,71,0,Personal Auto,Two-Door Car,169,Two-Door Car
WR63188,Arizona,M,College,7854,25378,66,1,Personal Auto,Four-Door Car,419,Four-Door Car
NG82219,Oregon,F,Bachelor,2582,76731,64,0,Personal Auto,Four-Door Car,201,Four-Door Car
KU29408,Washington,M,Master,9075,37722,116,0,Corporate Auto,Sports Car,158,Luxury
RE46783,California,F,Bachelor,4118,69379,103,0,Personal Auto,Two-Door Car,494,Two-Door Car
RU94434,Oregon,M,High School or Below,12157,57449,103,0,Personal Auto,Four-Door Car,494,Four-Door Car
GI82355,Arizona,M,Bachelor,5152,0,68,0,Corporate Auto,Four-Door Car,326,Four-Door Car
VO26340,Nevada,M,College,6512,0,93,0,Personal Auto,Two-Door Car,669,Two-Door Car
NV61299,Arizona,F,Bachelor,27789,33806,89,0,Corporate Auto,Four-Door Car,395,Four-Door Car
DX31066,Washington,F,College,2667,94041,66,0,Personal Auto,Four-Door Car,159,Four-Door Car
CY50337,Oregon,F,College,10928,74965,90,0,Personal Auto,Four-Door Car,58,Four-Door Car
TJ20375,Arizona,F,High School or Below,7615,34095,63,0,Personal Auto,Two-Door Car,302,Two-Door Car
EP72155,California,F,College,2004,0,66,4,Personal Auto,Four-Door Car,316,Four-Door Car
JJ76159,California,M,College,2434,96045,61,0,Corporate Auto,Four-Door Car,8,Four-Door Car
BG15419,Nevada,F,Bachelor,14195,86355,118,0,Personal Auto,Sports Car,285,Luxury
AO74776,California,F,High School or Below,9427,27824,118,0,Personal Auto,SUV,566,SUV
HQ82233,California,M,High School or Below,11982,42995,101,0,Personal Auto,SUV,410,SUV
OL72737,Oregon,F,High School or Below,3102,21235,79,0,Personal Auto,Two-Door Car,244,Two-Door Car
ZQ59828,California,M,High School or Below,4222,74585,106,0,Personal Auto,SUV,218,SUV
NZ15548,Oregon,M,Bachelor,4023,41833,103,0,Personal Auto,Four-Door Car,643,Four-Door Car
XK61304,California,F,College,5297,23908,70,0,Personal Auto,Four-Door Car,336,Four-Door Car
EJ44139,Oregon,M,Bachelor,21423,0,65,0,Personal Auto,Two-Door Car,312,Two-Door Car
CM94425,Arizona,M,Bachelor,4416,61953,113,0,Personal Auto,SUV,497,SUV
OV54878,California,M,Bachelor,4639,0,142,0,Corporate Auto,SUV,1022,SUV
JF57282,Nevada,M,Bachelor,4863,0,137,0,Personal Auto,SUV,657,SUV
MY37953,Arizona,F,Bachelor,25830,73760,107,1,Personal Auto,Sports Car,230,Luxury
XP64922,Oregon,F,College,2974,23333,74,0,Corporate Auto,Four-Door Car,5,Four-Door Car
WL65572,California,M,College,2064,0,61,0,Personal Auto,Four-Door Car,292,Four-Door Car
LN50325,Arizona,F,High School or Below,10064,20440,128,2,Corporate Auto,Sports Car,614,Luxury
HJ15383,Washington,M,Master,8032,27658,68,0,Personal Auto,Four-Door Car,160,Four-Door Car
KH59823,California,M,College,5489,50943,139,0,Special Auto,SUV,667,SUV
YM79169,California,M,Bachelor,2612,19003,71,0,Personal Auto,Two-Door Car,34,Two-Door Car
DR38127,California,M,College,8573,46703,108,0,Personal Auto,Four-Door Car,678,Four-Door Car
PU42145,California,M,Bachelor,24127,14072,71,0,Personal Auto,Four-Door Car,511,Four-Door Car
KM33477,Oregon,M,College,8550,21733,73,0,Corporate Auto,Four-Door Car,525,Four-Door Car
RI53167,Arizona,M,Bachelor,2308,20811,61,0,Personal Auto,Four-Door Car,292,Four-Door Car
OF77789,Arizona,F,High School or Below,4254,11904,61,2,Personal Auto,Two-Door Car,292,Two-Door Car
YB33445,Oregon,F,College,8982,43490,114,4,Corporate Auto,SUV,174,SUV
BA17836,California,M,High School or Below,7868,57340,67,0,Corporate Auto,Four-Door Car,159,Four-Door Car
JS43228,California,M,College,7704,49088,97,0,Corporate Auto,Four-Door Car,698,Four-Door Car
BB11622,Nevada,M,Master,10552,47761,131,0,Personal Auto,SUV,232,SUV
HQ70429,Washington,F,College,16045,0,65,0,Personal Auto,Two-Door Car,163,Two-Door Car
WK88044,Arizona,M,Bachelor,8737,61281,110,0,Personal Auto,SUV,79,SUV
LA80525,Nevada,M,Bachelor,5454,0,82,1,Corporate Auto,Two-Door Car,393,Two-Door Car
EH16250,Arizona,M,Bachelor,7705,25290,66,0,Personal Auto,Four-Door Car,382,Four-Door Car
PU41872,Arizona,F,High School or Below,7039,24239,88,0,Personal Auto,Four-Door Car,48,Four-Door Car
HB85743,California,M,Bachelor,8838,82664,114,3,Personal Auto,SUV,133,SUV
MM71959,Arizona,M,Bachelor,8733,83210,110,0,Personal Auto,Sports Car,528,Luxury
MB83663,Oregon,F,Bachelor,9597,38736,81,0,Personal Auto,Two-Door Car,561,Two-Door Car
KR43119,California,M,College,4506,0,66,0,Personal Auto,Four-Door Car,316,Four-Door Car
KH24214,Oregon,M,College,17857,55437,64,1,Personal Auto,Four-Door Car,445,Four-Door Car
AC40767,Washington,M,Bachelor,2497,68041,6464,0,Personal Auto,Two-Door Car,165,Two-Door Car
HP55391,Oregon,M,Master,5426,0,71,0,Corporate Auto,Four-Door Car,407,Four-Door Car
EG62398,California,F,High School or Below,7998,29066,100,0,Personal Auto,SUV,844,SUV
VS19949,Nevada,M,Bachelor,2897,54337,72,0,Personal Auto,Four-Door Car,345,Four-Door Car
AM92343,Oregon,F,High School or Below,11599,67616,96,0,Personal Auto,Four-Door Car,340,Four-Door Car
GI68556,California,F,Bachelor,15147,41082,63,0,Personal Auto,Two-Door Car,106,Two-Door Car
JT11876,Washington,F,High School or Below,5435,0,10202,0,Personal Auto,Four-Door Car,626,Four-Door Car
XR64251,Nevada,F,Master,2725,36650,69,1,Personal Auto,Four-Door Car,56,Four-Door Car
MK34957,Oregon,F,College,13297,50631,112,4,Special Auto,SUV,784,SUV
GP18756,California,M,College,9927,19592,92,0,Personal Auto,Four-Door Car,441,Four-Door Car
AP23850,Washington,F,High School or Below,17771,0,114,0,Personal Auto,Two-Door Car,547,Two-Door Car
KQ65521,Arizona,F,College,18269,55761,115,0,Personal Auto,Sports Car,86,Luxury
EJ19449,California,F,College,2722,17576,71,0,Special Auto,Four-Door Car,398,Four-Door Car
QB70027,California,F,Bachelor,7083,41449,89,0,Personal Auto,Four-Door Car,63,Four-Door Car
QW47320,California,F,Bachelor,10179,14290,271,0,Personal Auto,Luxury SUV,1300,Luxury
KH64733,Nevada,F,College,5889,62007,73,0,Personal Auto,Four-Door Car,120,Four-Door Car
ON59472,Arizona,M,High School or Below,15771,21921,206,0,Corporate Auto,Luxury SUV,1254,Luxury
HP94242,Arizona,F,Bachelor,5288,42621,66,0,Personal Auto,Four-Door Car,316,Four-Door Car
RV15398,Oregon,M,College,27580,0,87,1,Personal Auto,Four-Door Car,417,Four-Door Car
EA25683,Washington,M,High School or Below,7778,63786,196,0,Corporate Auto,Luxury SUV,798,Luxury
PW73754,California,F,High School or Below,7341,0,104,3,Personal Auto,Sports Car,82,Luxury
MC71942,California,F,High School or Below,7919,82877,99,1,Personal Auto,Two-Door Car,22,Two-Door Car
OX72195,Arizona,M,College,2163,0,63,0,Corporate Auto,Two-Door Car,302,Two-Door Car
YQ99152,Nevada,M,High School or Below,9787,10475,88,1,Personal Auto,Two-Door Car,422,Two-Door Car
KI19439,Oregon,F,High School or Below,5207,21952,66,0,Personal Auto,Four-Door Car,316,Four-Door Car
PM76175,Oregon,F,Bachelor,21147,49721,132,0,Corporate Auto,Sports Car,639,Luxury
US45383,California,M,College,12280,88340,102,0,Personal Auto,Two-Door Car,489,Two-Door Car
GT38956,California,F,College,2441,0,65,0,Personal Auto,Four-Door Car,312,Four-Door Car
SN41301,Oregon,M,Bachelor,6535,0,65,0,Corporate Auto,Four-Door Car,468,Four-Door Car
BE62503,Washington,F,College,9206,24589,82,0,Personal Auto,Two-Door Car,511,Two-Door Car
PA16884,California,F,Bachelor,4118,69379,103,0,Personal Auto,Two-Door Car,494,Two-Door Car
NC58480,Nevada,F,Bachelor,4838,73769,61,2,Personal Auto,Four-Door Car,239,Four-Door Car
NS39326,California,F,College,4625,66670,114,0,Personal Auto,SUV,518,SUV
PN18507,Arizona,M,Bachelor,14042,88854,118,0,Personal Auto,Two-Door Car,715,Two-Door Car
EK91340,Oregon,M,Bachelor,7546,31266,193,0,Corporate Auto,Luxury Car,926,"Luxury"""
JY16280,California,F,High School or Below,2514,43860,65,0,Personal Auto,Four-Door Car,156,Four-Door Car
ZW71731,California,M,Bachelor,5170,89284,133,2,Corporate Auto,SUV,402,SUV
ZC24631,Oregon,M,College,13917,67267,89,0,Corporate Auto,Four-Door Car,94,Four-Door Car
YR34689,California,F,High School or Below,11318,79270,95,3,Personal Auto,Four-Door Car,456,Four-Door Car
RT65829,Oregon,M,Bachelor,4276,36692,109,1,Personal Auto,Four-Door Car,523,Four-Door Car
BZ12077,Oregon,F,High School or Below,4322,0,119,0,Personal Auto,SUV,571,SUV
WM65373,California,F,College,8002,0,107,0,Corporate Auto,SUV,513,SUV
NH35059,Nevada,M,College,3885,0,105,0,Corporate Auto,Four-Door Car,504,Four-Door Car
QD38160,Oregon,M,College,4471,0,135,0,Personal Auto,SUV,972,SUV
BM15160,California,F,High School or Below,8496,44624,71,1,Special Auto,Four-Door Car,73,Four-Door Car
VY79030,Arizona,F,College,22500,0,71,0,Corporate Auto,Four-Door Car,340,Four-Door Car
EV19512,Nevada,F,Master,16301,19614,85,0,Personal Auto,Two-Door Car,574,Two-Door Car
TE13577,Oregon,F,College,2319,0,64,0,Personal Auto,Four-Door Car,632,Four-Door Car
WY97929,Arizona,M,College,8717,83846,74,3,Special Auto,Four-Door Car,355,Four-Door Car
YG20683,Washington,M,College,2860,51159,72,0,Personal Auto,Four-Door Car,4,Four-Door Car
FK75497,California,M,College,2453,83772,62,0,Personal Auto,Two-Door Car,42,Two-Door Car
NE60110,Arizona,M,College,5989,66839,154,0,Personal Auto,Sports Car,739,Luxury
TN36521,Arizona,F,College,24980,88440,70,0,Personal Auto,Two-Door Car,27,Two-Door Car
HG33568,Arizona,F,Master,7482,25666,63,2,Personal Auto,Four-Door Car,270,Four-Door Car
TW17878,Oregon,F,High School or Below,2457,52926,61,0,Personal Auto,Four-Door Car,292,Four-Door Car
ZO83562,Nevada,F,Bachelor,2379,0,67,0,Personal Auto,Four-Door Car,494,Four-Door Car
CH97539,Washington,F,Bachelor,8286,40001,70,0,Personal Auto,Four-Door Car,142,Four-Door Car
CV29889,California,M,College,2393,0,70,0,Personal Auto,Four-Door Car,425,Four-Door Car
MO33320,Oregon,M,College,4657,18024,65,0,Personal Auto,Two-Door Car,312,Two-Door Car
QZ81258,Oregon,F,College,13197,0,68,3,Personal Auto,Four-Door Car,326,Four-Door Car
NY56352,Oregon,F,Bachelor,2803,23220,74,0,Personal Auto,Four-Door Car,251,Four-Door Car
EA27048,California,F,High School or Below,8646,64125,108,0,Personal Auto,SUV,369,SUV
UT38865,Oregon,F,College,7425,58042,62,0,Corporate Auto,Four-Door Car,161,Four-Door Car
QC89139,Oregon,F,High School or Below,4528,90034,112,0,Corporate Auto,SUV,537,SUV
LA14484,Nevada,M,High School or Below,2227,27972,61,0,Special Auto,Four-Door Car,292,Four-Door Car
HN57556,California,F,High School or Below,7292,0,65,0,Personal Auto,Four-Door Car,312,Four-Door Car
CV31235,Arizona,M,Bachelor,3184,50989,80,0,Corporate Auto,Four-Door Car,255,Four-Door Car
WR45726,Arizona,F,Bachelor,11315,11885,101,0,Special Auto,Four-Door Car,484,Four-Door Car
LB25094,California,F,Bachelor,2530,89451,63,0,Special Auto,Four-Door Car,61,Four-Door Car
KW56110,Oregon,M,Bachelor,18361,0,182,0,Personal Auto,Luxury Car,1310,"Luxury"""
XO36233,Washington,M,Bachelor,8641,78904,109,0,Personal Auto,SUV,250,SUV
ZX86243,Arizona,M,Doctor,3278,70247,83,1,Personal Auto,Four-Door Car,141,Four-Door Car
DW29763,Arizona,M,High School or Below,5271,32653,67,0,Personal Auto,Two-Door Car,321,Two-Door Car
CT83377,Washington,M,High School or Below,3763,93595,97,4,Special Auto,Four-Door Car,49,Four-Door Car
OQ90898,California,M,Master,13955,90279,115,0,Personal Auto,SUV,372,SUV
GO77248,Oregon,F,College,5001,0,72,0,Personal Auto,Four-Door Car,542,Four-Door Car
QW33258,California,M,Bachelor,7082,53310,189,3,Personal Auto,Luxury Car,1360,"Luxury"""
OU79745,California,M,College,7619,0,105,0,Personal Auto,Four-Door Car,504,Four-Door Car
VZ79886,Oregon,F,Bachelor,12550,22234,160,0,Personal Auto,SUV,768,SUV
FI92440,Washington,F,High School or Below,32196,91375,99,0,Personal Auto,Two-Door Car,72,Two-Door Car
YG85980,Nevada,F,High School or Below,6793,22250,86,0,Personal Auto,Two-Door Car,720,Two-Door Car
QM74621,Oregon,M,Bachelor,5272,0,80,0,Personal Auto,Four-Door Car,576,Four-Door Car
EI71732,Oregon,F,Doctor,6265,0,84,1,Personal Auto,Four-Door Car,481,Four-Door Car
VN79010,California,F,High School or Below,8547,51179,71,0,Corporate Auto,Four-Door Car,466,Four-Door Car
FI61723,California,M,Bachelor,2787,38667,72,0,Personal Auto,Four-Door Car,159,Four-Door Car
OH55411,California,F,Master,4626,79487,114,0,Corporate Auto,SUV,547,SUV
TF10720,Nevada,F,Doctor,8663,67763,107,2,Personal Auto,Four-Door Car,41,Four-Door Car
NW30838,Nevada,M,High School or Below,3872,0,62,2,Corporate Auto,Four-Door Car,503,Four-Door Car
CB58476,Oregon,F,College,5170,0,71,0,Corporate Auto,Four-Door Car,859,Four-Door Car
WI69346,California,F,Master,8960,71943,112,0,Corporate Auto,SUV,305,SUV
FS76657,Oregon,F,College,5471,53526,68,0,Personal Auto,Four-Door Car,278,Four-Door Car
YX89016,Oregon,M,College,34931,35005,295,0,Personal Auto,Luxury Car,1416,"Luxury"""
PK28821,California,M,College,2620,24721,67,0,Personal Auto,Four-Door Car,139,Four-Door Car
MB51200,Washington,M,College,19069,0,102,2,Personal Auto,Four-Door Car,734,Four-Door Car
XG44587,Arizona,M,Master,5757,88997,72,0,Personal Auto,Four-Door Car,174,Four-Door Car
FG91922,Arizona,M,Master,40224,48587,111,0,Personal Auto,SUV,532,SUV
OM99303,Arizona,F,High School or Below,2701,76310,67,0,Personal Auto,Two-Door Car,321,Two-Door Car
RV67546,California,M,Bachelor,3712,73205,92,0,Personal Auto,Four-Door Car,37,Four-Door Car
UJ79253,Oregon,F,College,21850,51056,78,0,Personal Auto,Four-Door Car,95,Four-Door Car
PN98247,California,M,College,7840,58414,210,2,Personal Auto,Luxury SUV,1008,Luxury
IB67546,California,F,Bachelor,8237,23940,107,0,Personal Auto,SUV,513,SUV
OE19087,California,F,High School or Below,2243,0,62,0,Personal Auto,Four-Door Car,446,Four-Door Car
CM95716,California,M,Bachelor,8434,44216,71,0,Personal Auto,Four-Door Car,72,Four-Door Car
MW62634,California,M,High School or Below,2227,27972,61,0,Corporate Auto,Four-Door Car,292,Four-Door Car
QW67581,Arizona,F,High School or Below,5170,0,69,0,Personal Auto,Four-Door Car,331,Four-Door Car
SN16059,California,F,Master,2641,29305,66,0,Personal Auto,Four-Door Car,475,Four-Door Car
OE51254,California,F,College,2790,53882,69,0,Personal Auto,Four-Door Car,331,Four-Door Car
RM42344,Oregon,M,College,2745,91757,69,1,Personal Auto,Four-Door Car,331,Four-Door Car
GB35238,California,F,Bachelor,7579,33906,64,0,Personal Auto,Two-Door Car,401,Two-Door Car
ML82674,Oregon,M,Bachelor,10978,68158,139,1,Personal Auto,SUV,253,SUV
EI85244,California,M,College,8255,0,134,3,Personal Auto,SUV,643,SUV
DE28132,Oregon,M,College,4747,42165,123,0,Corporate Auto,SUV,799,SUV
TV25678,Washington,M,College,3540,0,101,0,Personal Auto,SUV,727,SUV
TY26512,California,M,Doctor,3436,30817,88,0,Personal Auto,Four-Door Car,91,Four-Door Car
OB69153,California,M,Bachelor,2582,68074,65,0,Personal Auto,Four-Door Car,27,Four-Door Car
QZ77637,Washington,F,College,11665,84978,35353,1,Corporate Auto,Four-Door Car,166,Four-Door Car
XN41715,California,F,Master,7396,71135,92,1,Personal Auto,Four-Door Car,270,Four-Door Car
QR15857,California,F,College,4330,0,61,0,Personal Auto,Two-Door Car,292,Two-Door Car
FL69363,Oregon,M,Master,9075,37722,116,0,Personal Auto,Sports Car,158,Luxury
IS30295,Arizona,F,Bachelor,14635,0,139,0,Personal Auto,SUV,667,SUV
WA25797,Washington,M,High School or Below,8564,95697,107,0,Personal Auto,Sports Car,178,Luxury
NL59519,California,F,College,11565,64642,96,0,Personal Auto,Four-Door Car,404,Four-Door Car
ZU93025,Oregon,F,College,2771,50071,71,0,Personal Auto,Two-Door Car,18,Two-Door Car
DK94262,Oregon,M,High School or Below,8507,46754,106,1,Personal Auto,SUV,513,SUV
UQ30615,California,M,College,7582,64801,64,0,Corporate Auto,Four-Door Car,268,Four-Door Car
OR40060,Arizona,M,Bachelor,3323,70410,83,0,Personal Auto,Four-Door Car,131,Four-Door Car
DK32872,Nevada,F,High School or Below,5234,66957,131,1,Personal Auto,SUV,628,SUV
FA46418,Nevada,F,High School or Below,24709,24213,78,1,Personal Auto,Four-Door Car,374,Four-Door Car
ER19995,Washington,F,College,17786,99790,6464,0,Personal Auto,Four-Door Car,178,Four-Door Car
KI75855,Oregon,M,Master,2551,79751,63,0,Personal Auto,Two-Door Car,392,Two-Door Car
ND41876,Arizona,M,High School or Below,7247,86122,182,1,Personal Auto,Luxury SUV,873,Luxury
PN21042,Arizona,M,Bachelor,4538,82297,116,0,Personal Auto,Sports Car,0,Luxury
GJ43254,Washington,M,College,31642,89057,98,0,Corporate Auto,Two-Door Car,187,Two-Door Car
AL46984,California,M,High School or Below,8730,43259,73,0,Personal Auto,Four-Door Car,350,Four-Door Car
JP58047,Oregon,M,College,8332,0,79,0,Personal Auto,Four-Door Car,379,Four-Door Car
ZE85014,California,M,College,2357,25064,62,0,Personal Auto,Four-Door Car,297,Four-Door Car
KU88219,Arizona,M,Master,4637,25816,119,0,Personal Auto,Sports Car,571,Luxury
UU98729,California,M,Bachelor,5357,0,73,0,Personal Auto,Four-Door Car,350,Four-Door Car
WS82822,Oregon,F,College,5391,41662,69,0,Corporate Auto,Four-Door Car,217,Four-Door Car
YB49933,Arizona,M,Bachelor,3694,96170,92,0,Personal Auto,Four-Door Car,441,Four-Door Car
XC16387,Arizona,F,High School or Below,5040,46072,64,0,Personal Auto,Four-Door Car,25,Four-Door Car
XJ96748,Arizona,F,High School or Below,27495,37931,99,0,Personal Auto,Four-Door Car,475,Four-Door Car
TM98684,Oregon,M,High School or Below,4842,35127,62,0,Personal Auto,Four-Door Car,297,Four-Door Car
AY18433,Washington,F,High School or Below,27382,45473,76,0,Special Auto,Two-Door Car,188,Two-Door Car
DM74502,Nevada,F,College,5227,93087,131,3,Corporate Auto,Sports Car,628,Luxury
FT56968,Arizona,M,High School or Below,2590,22398,67,2,Personal Auto,Four-Door Car,321,Four-Door Car
OX36896,California,M,High School or Below,10536,92983,87,1,Corporate Auto,Four-Door Car,153,Four-Door Car
BZ65376,Arizona,M,Bachelor,8581,27689,239,2,Personal Auto,Luxury SUV,2893,Luxury
LN34660,California,F,College,9463,69654,118,0,Corporate Auto,SUV,629,SUV
JC29295,California,F,Bachelor,13441,80744,111,0,Personal Auto,SUV,361,SUV
KJ87930,California,F,Bachelor,3886,0,112,0,Corporate Auto,SUV,1185,SUV
XT36360,Arizona,F,High School or Below,6784,0,64,1,Personal Auto,Four-Door Car,460,Four-Door Car
IX35050,Arizona,M,Bachelor,23594,76358,66,0,Special Auto,Four-Door Car,86,Four-Door Car
UN97379,Oregon,M,Bachelor,2538,18608,71,0,Corporate Auto,Four-Door Car,340,Four-Door Car
MR57294,California,M,High School or Below,5639,73168,70,0,Personal Auto,Four-Door Car,425,Four-Door Car
UG79499,Washington,M,Bachelor,11681,70930,99,0,Personal Auto,Four-Door Car,190,Four-Door Car
UA50747,Washington,F,High School or Below,25997,62262,72,0,Corporate Auto,Four-Door Car,193,Four-Door Car
GL20444,Nevada,F,Master,13778,91474,113,0,Corporate Auto,Two-Door Car,24,Two-Door Car
SP58110,California,F,Bachelor,4923,61469,63,5,Personal Auto,Four-Door Car,302,Four-Door Car
XM91635,Arizona,F,High School or Below,2272,16618,62,0,Special Auto,Four-Door Car,219,Four-Door Car
TV82603,California,F,Bachelor,14895,48081,188,0,Personal Auto,Luxury SUV,881,Luxury
BB82067,Oregon,M,Doctor,9756,67632,121,0,Personal Auto,Sports Car,26,Luxury
JP94676,Oregon,F,Bachelor,9422,34115,119,0,Personal Auto,SUV,466,SUV
VU53417,Arizona,M,High School or Below,3837,23051,99,0,Personal Auto,Two-Door Car,475,Two-Door Car
IW54795,California,M,College,10952,23748,99,0,Personal Auto,Four-Door Car,607,Four-Door Car
RN78170,Arizona,F,College,8159,40589,69,0,Corporate Auto,Four-Door Car,331,Four-Door Car
IX55883,California,F,College,19480,50809,83,0,Personal Auto,Four-Door Car,290,Four-Door Car
XM72420,Arizona,F,High School or Below,3919,66676,97,0,Personal Auto,Four-Door Car,558,Four-Door Car
GC15104,Nevada,F,Bachelor,7985,52339,70,3,Corporate Auto,Four-Door Car,336,Four-Door Car
RX13282,Oregon,M,Bachelor,12168,14973,115,0,Personal Auto,SUV,828,SUV
QA85890,Arizona,F,High School or Below,5849,0,83,0,Corporate Auto,Four-Door Car,540,Four-Door Car
IR62668,Arizona,F,Bachelor,5085,31546,65,0,Personal Auto,Four-Door Car,100,Four-Door Car
AL96740,California,F,College,2903,67763,73,1,Personal Auto,Four-Door Car,59,Four-Door Car
SS48498,Washington,F,College,6273,20836,79,0,Corporate Auto,Four-Door Car,193,Four-Door Car
PE39479,Washington,M,College,18321,88592,76,0,Corporate Auto,Four-Door Car,199,Four-Door Car
JH62891,Oregon,F,College,5178,66943,65,1,Special Auto,Four-Door Car,53,Four-Door Car
FI20423,Arizona,F,High School or Below,14024,81872,115,0,Special Auto,Four-Door Car,256,Four-Door Car
PM13394,Washington,F,College,5309,22404,70,1,Personal Auto,Four-Door Car,211,Four-Door Car
YV67971,California,F,High School or Below,4949,21342,62,0,Personal Auto,Four-Door Car,74,Four-Door Car
QD31377,California,M,Bachelor,8595,34621,108,1,Corporate Auto,SUV,621,SUV
YG10247,Oregon,M,College,22951,62396,64,0,Personal Auto,Four-Door Car,307,Four-Door Car
FE73696,Oregon,M,High School or Below,3792,97212,93,0,Personal Auto,Two-Door Car,360,Two-Door Car
SW19699,Arizona,F,Bachelor,2755,49648,70,0,Personal Auto,Four-Door Car,65,Four-Door Car
QJ40732,Arizona,M,College,4880,97984,61,1,Personal Auto,Four-Door Car,407,Four-Door Car
HM76207,California,F,College,9051,26308,114,0,Corporate Auto,SUV,547,SUV
NT59303,Oregon,F,College,10115,63528,256,0,Personal Auto,Luxury Car,1228,"Luxury"""
PU41393,Nevada,M,College,8269,20225,114,1,Special Auto,SUV,547,SUV
QO86948,Nevada,M,High School or Below,8071,0,112,0,Personal Auto,SUV,806,SUV
QN10888,Oregon,F,High School or Below,7726,87620,64,0,Personal Auto,Four-Door Car,24,Four-Door Car
VY19543,California,F,Bachelor,8311,0,72,0,Corporate Auto,Four-Door Car,311,Four-Door Car
XC15133,Nevada,F,Master,2574,34990,65,0,Personal Auto,Four-Door Car,42,Four-Door Car
ST43550,Oregon,M,Bachelor,5727,99934,71,0,Special Auto,Four-Door Car,460,Four-Door Car
FX36546,Washington,M,Master,3679,60804,92,0,Personal Auto,Four-Door Car,213,Four-Door Car
JX68983,Oregon,M,Bachelor,2744,94648,69,0,Personal Auto,Four-Door Car,331,Four-Door Car
HX78576,California,F,High School or Below,5636,24516,71,0,Personal Auto,Four-Door Car,300,Four-Door Car
ZQ11381,Arizona,M,Bachelor,16870,61063,85,0,Personal Auto,Four-Door Car,262,Four-Door Car
ON39271,California,M,Master,2738,0,74,0,Personal Auto,Two-Door Car,263,Two-Door Car
SB18278,Oregon,M,Bachelor,4644,0,64,0,Corporate Auto,Four-Door Car,307,Four-Door Car
ZT30559,California,F,High School or Below,4746,15169,63,0,Personal Auto,Four-Door Car,302,Four-Door Car
XI41106,Arizona,M,College,16874,55390,71,0,Corporate Auto,Two-Door Car,256,Two-Door Car
ZS88847,Oregon,F,Bachelor,2387,27592,62,0,Personal Auto,Four-Door Car,297,Four-Door Car
RU49126,Washington,F,College,4465,61846,112,0,Personal Auto,SUV,215,SUV
KR62797,Arizona,F,High School or Below,4591,83297,113,0,Personal Auto,SUV,542,SUV
ZJ73220,Arizona,F,College,13092,0,188,0,Special Auto,Luxury Car,1353,"Luxury"""
FY62633,Oregon,M,Bachelor,9112,0,90,0,Personal Auto,Four-Door Car,432,Four-Door Car
CU36986,California,F,High School or Below,4165,55897,104,0,Personal Auto,Four-Door Car,499,Four-Door Car
WZ53904,Arizona,M,Bachelor,2659,21297,71,0,Personal Auto,Four-Door Car,45,Four-Door Car
AA71604,Arizona,F,Master,11986,87560,98,1,Personal Auto,Two-Door Car,470,Two-Door Car
TD10493,Oregon,F,High School or Below,2898,0,96,4,Personal Auto,Four-Door Car,691,Four-Door Car
LY97989,Oregon,F,Bachelor,2894,0,85,0,Personal Auto,Four-Door Car,408,Four-Door Car
VX39856,Arizona,F,Doctor,3500,89398,86,0,Personal Auto,Four-Door Car,82,Four-Door Car
TP51897,California,F,College,2621,36843,68,3,Corporate Auto,Four-Door Car,357,Four-Door Car
QQ89253,Oregon,F,College,10221,0,134,0,Personal Auto,SUV,643,SUV
EI91403,California,M,High School or Below,2578,34946,65,0,Personal Auto,Two-Door Car,420,Two-Door Car
QG15435,Arizona,F,College,6242,75680,78,0,Personal Auto,Four-Door Car,136,Four-Door Car
FZ55002,Nevada,F,Doctor,5220,0,69,0,Personal Auto,Four-Door Car,331,Four-Door Car
HX77930,Washington,F,College,3136,49532,79,1,Personal Auto,Four-Door Car,220,Four-Door Car
UN37063,Arizona,M,Bachelor,4525,10269,65,0,Personal Auto,Two-Door Car,170,Two-Door Car
VB87946,California,M,College,4970,49714,63,3,Personal Auto,Four-Door Car,266,Four-Door Car
AB60627,California,M,High School or Below,15467,77517,129,0,Corporate Auto,SUV,98,SUV
TA34903,Oregon,M,High School or Below,5838,81082,73,0,Personal Auto,Four-Door Car,281,Four-Door Car
AQ51368,Oregon,F,Bachelor,10656,72540,88,0,Corporate Auto,Two-Door Car,631,Two-Door Car
NZ26102,Oregon,F,High School or Below,2289,0,65,0,Personal Auto,Four-Door Car,468,Four-Door Car
GB45753,California,M,High School or Below,5439,61546,68,0,Corporate Auto,Two-Door Car,29,Two-Door Car
BV79904,California,F,Master,7956,44818,67,1,Personal Auto,Two-Door Car,136,Two-Door Car
OB49075,Arizona,M,Bachelor,4458,17622,65,1,Personal Auto,Four-Door Car,312,Four-Door Car
DS97676,Oregon,F,College,2555,0,72,0,Personal Auto,Four-Door Car,518,Four-Door Car
JO63462,California,M,Bachelor,3307,79797,84,0,Corporate Auto,Two-Door Car,31,Two-Door Car
NJ10602,Washington,F,College,8459,92717,70,0,Personal Auto,Two-Door Car,224,Two-Door Car
RS24501,Oregon,F,College,13350,28919,173,0,Personal Auto,SUV,830,SUV
VT78274,Arizona,M,College,4931,0,68,0,Personal Auto,Four-Door Car,480,Four-Door Car
SU56153,Nevada,M,Bachelor,7776,63568,65,0,Corporate Auto,Two-Door Car,390,Two-Door Car
MN20737,Nevada,F,College,2553,73935,64,1,Corporate Auto,Four-Door Car,72,Four-Door Car
KL43114,Arizona,F,High School or Below,4876,0,66,0,Corporate Auto,Two-Door Car,316,Two-Door Car
YQ15567,Oregon,F,Bachelor,9034,18846,115,0,Personal Auto,SUV,552,SUV
TR88637,Arizona,F,High School or Below,8105,38893,103,0,Personal Auto,SUV,41,SUV
TC88986,Oregon,M,High School or Below,5619,0,153,0,Special Auto,SUV,1027,SUV
XX88577,California,M,Bachelor,15727,84824,196,0,Corporate Auto,SUV,319,SUV
NE49052,California,F,High School or Below,6618,20068,86,0,Corporate Auto,Four-Door Car,411,Four-Door Car
KX17826,Oregon,M,Doctor,4670,0,125,0,Corporate Auto,SUV,600,SUV
CC91503,Arizona,F,High School or Below,10169,0,135,0,Personal Auto,Sports Car,648,Luxury
WH32183,California,M,Bachelor,8323,97245,70,0,Personal Auto,Four-Door Car,4,Four-Door Car
ES90681,California,F,College,2417,51808,61,1,Personal Auto,Four-Door Car,351,Four-Door Car
DW96592,California,M,Bachelor,8044,71391,67,0,Personal Auto,Four-Door Car,284,Four-Door Car
MT23134,Oregon,M,High School or Below,5325,0,73,0,Personal Auto,Two-Door Car,496,Two-Door Car
BM69081,Arizona,M,Bachelor,6947,0,100,0,Personal Auto,SUV,925,SUV
MB90871,Oregon,F,College,5847,23496,77,0,Special Auto,Four-Door Car,13,Four-Door Car
GT62080,Washington,M,High School or Below,7936,55561,63,0,Personal Auto,Four-Door Car,227,Four-Door Car
QL77686,Nevada,F,College,4724,23986,119,0,Corporate Auto,SUV,463,SUV
ON77827,Arizona,F,Master,2790,22974,71,0,Personal Auto,Four-Door Car,180,Four-Door Car
KP18988,Oregon,F,High School or Below,21531,0,101,0,Personal Auto,Four-Door Car,484,Four-Door Car
TI92884,Arizona,M,Bachelor,12622,61844,106,0,Personal Auto,Sports Car,508,Luxury
JH73503,Arizona,M,Doctor,20171,24804,73,0,Personal Auto,Two-Door Car,350,Two-Door Car
YE97964,California,F,Bachelor,16464,27760,104,0,Personal Auto,SUV,302,SUV
VA30351,Oregon,F,High School or Below,5595,74454,71,0,Personal Auto,Four-Door Car,340,Four-Door Car
PV55726,Oregon,F,Master,4170,29462,107,1,Personal Auto,SUV,513,SUV
UC88305,Arizona,F,College,2665,52266,68,0,Corporate Auto,Two-Door Car,141,Two-Door Car
TS53809,Oregon,M,Bachelor,7098,0,70,0,Personal Auto,Two-Door Car,349,Two-Door Car
ZV32120,California,M,Doctor,3971,23599,103,0,Corporate Auto,SUV,494,SUV
FB80807,Oregon,M,Bachelor,5528,36088,72,0,Personal Auto,Four-Door Car,345,Four-Door Car
AS55677,California,F,High School or Below,8338,70534,104,0,Personal Auto,Four-Door Car,54,Four-Door Car
WA15684,Oregon,M,College,38445,27398,125,1,Personal Auto,SUV,600,SUV
SA50567,Nevada,M,Bachelor,5448,85296,68,0,Personal Auto,Four-Door Car,342,Four-Door Car
KJ31611,Arizona,M,High School or Below,10808,31063,92,0,Personal Auto,Four-Door Car,441,Four-Door Car
VL37375,California,M,Bachelor,6185,0,92,0,Personal Auto,Two-Door Car,1027,Two-Door Car
KN21017,Nevada,M,High School or Below,3208,52367,81,0,Personal Auto,Four-Door Car,275,Four-Door Car
PX44289,Arizona,M,College,5480,58651,71,0,Personal Auto,Four-Door Car,472,Four-Door Car
AM97901,Nevada,F,College,22986,84831,192,0,Special Auto,Sports Car,1336,Luxury
RE42925,Oregon,M,Bachelor,13107,49088,114,1,Corporate Auto,SUV,547,SUV
TR81766,California,F,College,7462,70263,93,0,Corporate Auto,Two-Door Car,7,Two-Door Car
CH85057,Oregon,F,Doctor,11463,45354,285,0,Personal Auto,Luxury SUV,540,Luxury
UP71482,Arizona,M,High School or Below,7236,0,63,0,Personal Auto,Four-Door Car,383,Four-Door Car
EG40670,California,F,Bachelor,6232,28334,83,0,Special Auto,Four-Door Car,537,Four-Door Car
HV83672,Oregon,F,Bachelor,28393,38772,90,0,Personal Auto,Four-Door Car,321,Four-Door Car
MG10140,Oregon,F,College,3746,41479,94,1,Personal Auto,Two-Door Car,19,Two-Door Car
TC44716,California,M,Bachelor,21569,23909,119,0,Personal Auto,SUV,571,SUV
QO65264,California,M,College,5012,48328,63,0,Personal Auto,Two-Door Car,108,Two-Door Car
EB66698,California,M,High School or Below,3371,86689,85,0,Corporate Auto,Two-Door Car,408,Two-Door Car
OT52034,California,M,Bachelor,3864,24204,99,1,Personal Auto,Four-Door Car,707,Four-Door Car
CH85444,Oregon,M,College,4145,25943,110,0,Corporate Auto,Two-Door Car,1067,Two-Door Car
PU85769,California,M,High School or Below,5156,0,73,0,Personal Auto,Four-Door Car,807,Four-Door Car
UI73201,California,M,College,3667,62375,92,0,Personal Auto,Two-Door Car,618,Two-Door Car
SL50592,California,F,High School or Below,7835,0,71,0,Corporate Auto,Four-Door Car,404,Four-Door Car
XP11075,Arizona,M,Bachelor,14567,0,148,0,Personal Auto,SUV,710,SUV
SI31236,Oregon,M,Bachelor,10171,70200,65,0,Corporate Auto,Four-Door Car,312,Four-Door Car
JN26745,Nevada,F,Bachelor,4135,0,112,0,Special Auto,Four-Door Car,707,Four-Door Car
VK48036,Oregon,F,College,5511,79027,70,0,Corporate Auto,Four-Door Car,336,Four-Door Car
JX76668,Washington,F,High School or Below,11314,62935,141,0,Personal Auto,Sports Car,232,Luxury
DS45802,California,F,High School or Below,5414,26893,68,0,Personal Auto,Four-Door Car,68,Four-Door Car
OA96690,Oregon,F,High School or Below,7421,47406,94,1,Personal Auto,Four-Door Car,287,Four-Door Car
EM27919,California,M,Bachelor,4458,17622,65,1,Personal Auto,Four-Door Car,312,Four-Door Car
QO41043,Oregon,F,College,14476,27572,124,0,Corporate Auto,SUV,595,SUV
OV50124,Oregon,F,College,4936,0,72,2,Personal Auto,Two-Door Car,391,Two-Door Car
PR31642,Oregon,F,Bachelor,4525,32802,114,0,Personal Auto,SUV,547,SUV
BU41599,Washington,F,Master,5581,62739,70,0,Personal Auto,Two-Door Car,239,Two-Door Car
TK30357,California,F,Bachelor,14134,90844,118,0,Personal Auto,SUV,232,SUV
NF31087,Nevada,F,High School or Below,24723,44685,69,0,Personal Auto,Four-Door Car,331,Four-Door Car
NH16984,California,F,Bachelor,2838,0,80,0,Personal Auto,Four-Door Car,336,Four-Door Car
OS75493,California,F,High School or Below,3848,42589,98,0,Corporate Auto,Four-Door Car,470,Four-Door Car
VT63298,Oregon,M,Bachelor,19504,0,72,0,Personal Auto,Four-Door Car,345,Four-Door Car
QS75550,Washington,F,Bachelor,2480,93383,62,0,Corporate Auto,Two-Door Car,244,Two-Door Car
SZ16483,Arizona,F,High School or Below,4361,79583,109,2,Personal Auto,Four-Door Car,523,Four-Door Car
VM92311,Arizona,F,High School or Below,2529,89129,64,0,Personal Auto,Four-Door Car,328,Four-Door Car
NJ46849,Arizona,M,College,2504,0,69,0,Personal Auto,Four-Door Car,496,Four-Door Car
WZ31900,Oregon,F,Bachelor,8649,94389,107,0,Corporate Auto,SUV,85,SUV
RG30482,Oregon,F,College,13668,0,197,0,Personal Auto,SUV,1418,SUV
ZM86949,Oregon,F,High School or Below,20635,84106,64,0,Personal Auto,Two-Door Car,334,Two-Door Car
QQ39596,Arizona,F,College,2517,0,69,0,Personal Auto,Four-Door Car,42,Four-Door Car
FH51383,California,F,High School or Below,5326,76717,66,0,Personal Auto,Two-Door Car,300,Two-Door Car
BJ53923,Arizona,M,High School or Below,2600,51978,66,0,Corporate Auto,Four-Door Car,144,Four-Door Car
CZ96653,Oregon,F,Bachelor,8534,47325,107,0,Personal Auto,SUV,64,SUV
FB23788,Oregon,M,High School or Below,8828,86721,111,0,Corporate Auto,SUV,532,SUV
NT43594,Nevada,F,Bachelor,2248,24910,63,1,Personal Auto,Four-Door Car,347,Four-Door Car
RJ85627,Washington,F,Bachelor,12302,43817,62,1,Personal Auto,Four-Door Car,245,Four-Door Car
KJ86296,Oregon,M,High School or Below,4556,0,73,2,Personal Auto,Four-Door Car,525,Four-Door Car
PI47776,Oregon,F,Bachelor,2530,89451,63,0,Corporate Auto,Four-Door Car,61,Four-Door Car
MD73554,California,M,College,5251,59537,66,0,Personal Auto,Two-Door Car,316,Two-Door Car
UX92071,Oregon,M,High School or Below,6743,0,199,0,Personal Auto,Luxury SUV,955,Luxury
YG44474,Oregon,M,College,14014,54193,117,0,Corporate Auto,SUV,720,SUV
UH45301,Oregon,M,College,9438,86946,118,0,Personal Auto,Four-Door Car,340,Four-Door Car
RY92647,California,F,Bachelor,10506,0,92,0,Personal Auto,Four-Door Car,546,Four-Door Car
IK12620,Arizona,F,High School or Below,4213,12160,109,0,Personal Auto,Four-Door Car,489,Four-Door Car
GQ66762,California,M,College,4773,33701,63,0,Personal Auto,Four-Door Car,171,Four-Door Car
YT69858,Washington,F,Bachelor,5441,85702,67,0,Personal Auto,Two-Door Car,249,Two-Door Car
XD85577,California,M,Bachelor,2842,69417,73,1,Personal Auto,Four-Door Car,30,Four-Door Car
TM65736,Oregon,M,Master,3059,38644,78,1,Personal Auto,Four-Door Car,361,Four-Door Car
VJ51327,California,F,High School or Below,20314,63209,102,2,Personal Auto,SUV,207,SUV
GS98873,Arizona,F,Bachelor,3239,16061,88,0,Personal Auto,Four-Door Car,633,Four-Door Car
CW49887,California,F,Master,4626,79487,114,0,Special Auto,SUV,547,SUV
MY31220,California,F,College,8997,54230,112,0,Personal Auto,Two-Door Car,537,Two-Door Car
AA71604,California,F,Bachelor,7936,39295,193,0,Personal Auto,Four-Door Car,404,Four-Door Car
